Swiss Stats Map Explorer; ; ; ; 
Référentiel géographique : Communes 01.01.2024; ; ; ; 
Code;Libellé;Emplois du secteur tertiaire 2022;Emplois du secteur primaire 2022;Emplois du secteur secondaire 2022
1;Aeugst am Albis;410;42;18
10;Obfelden;1129;53;284
100;Stadel;404;92;63
1001;Doppleschwand;94;76;49
1002;Entlebuch;1045;385;481
1004;Flühli;721;226;148
1005;Hasle (LU);339;247;345
1007;Romoos;53;185;44
1008;Schüpfheim;1484;370;650
1009;Werthenstein;1075;167;710
101;Steinmaur;518;196;162
1010;Escholzmatt-Marbach;836;657;834
102;Weiach;192;31;93
1021;Aesch (LU);182;73;283
1023;Ballwil;437;131;319
1024;Emmen;10425;113;6159
1025;Ermensee;199;41;166
1026;Eschenbach (LU);888;163;500
1030;Hitzkirch;1528;453;1210
1031;Hochdorf;3289;162;1936
1032;Hohenrain;715;312;200
1033;Inwil;841;149;502
1037;Rain;551;126;299
1039;Römerswil;189;234;262
1040;Rothenburg;5841;159;1310
1041;Schongau;134;154;155
1051;Adligenswil;1305;69;315
1052;Buchrain;1313;53;1237
1053;Dierikon;2619;35;795
1054;Ebikon;4643;42;2439
1055;Gisikon;163;9;203
1056;Greppen;108;33;22
1057;Honau;122;17;8
1058;Horw;4744;87;519
1059;Kriens;11063;112;2036
1061;Luzern;76067;115;7487
1062;Malters;1930;340;1832
1063;Meggen;2384;48;205
1064;Meierskappel;191;116;162
1065;Root;3025;52;2255
1066;Schwarzenberg;230;136;96
1067;Udligenswil;340;60;69
1068;Vitznau;705;59;27
1069;Weggis;1958;126;714
1081;Beromünster;1568;499;836
1082;Büron;449;52;705
1083;Buttisholz;869;212;841
1084;Eich;411;83;114
1085;Geuensee;533;77;425
1086;Grosswangen;602;343;519
1088;Hildisrieden;438;116;102
1089;Knutwil;449;94;290
1091;Mauensee;165;55;76
1093;Neuenkirch;1666;358;826
1094;Nottwil;2637;134;253
1095;Oberkirch;3224;122;232
1097;Rickenbach (LU);661;103;609
1098;Ruswil;1749;656;1034
1099;Schenkon;1147;90;413
11;Ottenbach;361;38;292
1100;Schlierbach;92;65;46
1102;Sempach;1319;107;658
1103;Sursee;11692;16;2639
1104;Triengen;1122;266;1242
1107;Wolhusen;1765;162;475
111;Bäretswil;1157;138;427
112;Bubikon;2357;100;1512
1121;Alberswil;186;61;41
1122;Altbüron;138;99;298
1123;Altishofen;2484;193;253
1125;Dagmersellen;1484;222;1784
1127;Egolzwil;380;47;183
1128;Ettiswil;561;142;254
1129;Fischbach;66;107;36
113;Dürnten;1489;124;298
1131;Grossdietwil;184;113;188
1132;Hergiswil bei Willisau;365;317;168
1135;Luthern;228;293;169
1136;Menznau;659;276;701
1137;Nebikon;713;30;438
1139;Pfaffnau;1419;156;212
114;Fischenthal;306;142;223
1140;Reiden;3250;197;1620
1142;Roggliswil;104;74;102
1143;Schötz;1059;181;680
1145;Ufhusen;114;146;57
1146;Wauwil;356;263;184
1147;Wikon;311;44;492
115;Gossau (ZH);1744;144;737
1150;Zell (LU);724;151;788
1151;Willisau;4113;519;1444
116;Grüningen;1276;121;440
117;Hinwil;4793;190;2518
118;Rüti (ZH);3783;57;1356
119;Seegräben;476;43;63
12;Rifferswil;170;46;79
120;Wald (ZH);2427;182;882
1201;Altdorf (UR);5108;86;1658
1202;Andermatt;1466;46;240
1203;Attinghausen;230;98;133
1205;Bürglen (UR);958;220;421
1206;Erstfeld;909;120;387
1207;Flüelen;645;41;296
1208;Göschenen;164;27;72
1209;Gurtnellen;91;49;63
121;Wetzikon (ZH);11386;70;3475
1210;Hospental;21;N/A - secret statistique;6
1211;Isenthal;57;114;22
1212;Realp;36;N/A - secret statistique;0
1213;Schattdorf;1844;104;1377
1214;Seedorf (UR);423;34;383
1215;Seelisberg;133;65;40
1216;Silenen;224;117;97
1217;Sisikon;42;24;10
1218;Spiringen;121;147;64
1219;Unterschächen;80;83;12
1220;Wassen;175;34;56
13;Stallikon;657;39;137
1301;Einsiedeln;4691;465;2067
131;Adliswil;7128;20;631
1311;Gersau;422;112;111
1321;Feusisberg;3361;150;854
1322;Freienbach;14421;150;2901
1323;Wollerau;4199;71;728
1331;Küssnacht (SZ);4269;295;2719
1341;Altendorf;3030;203;1007
1342;Galgenen;962;148;276
1343;Innerthal;41;13;0
1344;Lachen;4194;9;1573
1345;Reichenburg;636;112;646
1346;Schübelbach;1833;168;933
1347;Tuggen;885;115;534
1348;Vorderthal;89;97;78
1349;Wangen (SZ);1293;110;677
135;Kilchberg (ZH);3123;10;1161
136;Langnau am Albis;1383;22;153
1361;Alpthal;129;53;30
1362;Arth;2750;326;1286
1363;Illgau;76;61;35
1364;Ingenbohl;2870;77;727
1365;Lauerz;143;57;62
1366;Morschach;854;73;31
1367;Muotathal;627;261;682
1368;Oberiberg;242;81;49
1369;Riemenstalden;16;22;0
137;Oberrieden;944;18;114
1370;Rothenthurm;461;121;329
1371;Sattel;388;165;84
1372;Schwyz;9577;441;3336
1373;Steinen;791;161;470
1374;Steinerberg;207;96;44
1375;Unteriberg;524;143;268
138;Richterswil;2860;55;1462
139;Rüschlikon;2644;N/A - secret statistique;276
14;Wettswil am Albis;934;15;452
1401;Alpnach;1979;190;1136
1402;Engelberg;2358;151;244
1403;Giswil;729;291;402
1404;Kerns;1401;390;745
1405;Lungern;389;138;674
1406;Sachseln;1399;194;1861
1407;Sarnen;6493;358;2038
141;Thalwil;5804;N/A - secret statistique;1143
1501;Beckenried;808;134;252
1502;Buochs;1365;107;492
1503;Dallenwil;462;113;291
1504;Emmetten;302;47;79
1505;Ennetbürgen;1776;94;377
1506;Ennetmoos;408;143;299
1507;Hergiswil (NW);2626;51;452
1508;Oberdorf (NW);543;172;623
1509;Stans;6992;87;3569
151;Erlenbach (ZH);1827;28;134
1510;Stansstad;1384;58;380
1511;Wolfenschiessen;438;183;182
152;Herrliberg;1367;45;136
153;Hombrechtikon;2067;213;566
154;Küsnacht (ZH);5611;72;793
155;Männedorf;4390;26;944
156;Meilen;4883;102;1144
157;Oetwil am See;1389;38;740
158;Stäfa;3727;79;2868
159;Uetikon am See;1397;26;231
160;Zumikon;1677;N/A - secret statistique;245
161;Zollikon;6450;N/A - secret statistique;303
1630;Glarus Nord;5239;402;3348
1631;Glarus Süd;2339;448;2040
1632;Glarus;6297;144;2601
1701;Baar;23995;250;4426
1702;Cham;10756;185;1963
1703;Hünenberg;5643;288;1338
1704;Menzingen;1264;259;208
1705;Neuheim;567;63;367
1706;Oberägeri;1324;203;323
1707;Risch;12220;124;1422
1708;Steinhausen;7324;42;1577
1709;Unterägeri;2594;137;696
1710;Walchwil;772;114;244
1711;Zug;41324;137;6230
172;Fehraltorf;3495;56;1282
173;Hittnau;501;61;280
176;Lindau;1737;110;1577
177;Pfäffikon;4279;244;1577
178;Russikon;844;92;323
180;Weisslingen;641;68;151
181;Wila;319;59;255
182;Wildberg;89;67;113
191;Dübendorf;18613;170;1822
192;Egg;2135;153;409
193;Fällanden;1828;19;1186
194;Greifensee;1154;14;575
195;Maur;1956;98;315
196;Mönchaltorf;913;49;428
197;Schwerzenbach;2318;55;365
198;Uster;14435;183;3696
199;Volketswil;8612;64;2942
2;Affoltern am Albis;5648;42;1222
200;Wangen-Brüttisellen;3880;68;1451
2008;Châtillon (FR);26;5;20
2011;Cugy (FR);208;88;143
2016;Fétigny;292;20;17
2022;Gletterens;195;15;72
2025;Lully (FR);334;43;46
2027;Ménières;80;50;21
2029;Montagny (FR);338;88;159
2035;Nuvilly;121;33;25
2038;Prévondavaux;12;10;6
2041;Saint-Aubin (FR);315;58;123
2043;Sévaz;420;11;79
2044;Surpierre;66;75;61
2045;Vallon;37;21;12
2050;Les Montets;158;60;106
2051;Delley-Portalban;131;81;19
2053;Belmont-Broye;1420;141;1147
2054;Estavayer;2727;217;1547
2055;Cheyres-Châbles;215;73;86
2061;Auboranges;23;15;16
2063;Billens-Hennens;218;43;25
2066;Chapelle (Glâne);23;11;13
2067;Le Châtelard;43;64;69
2068;Châtonnaye;102;44;40
2072;Ecublens (FR);32;27;15
2079;Grangettes;15;21;21
2086;Massonnens;44;38;24
2087;Mézières (FR);80;64;97
2089;Montet (Glâne);20;5;11
2096;Romont (FR);2574;59;1524
2097;Rue;151;69;18
2099;Siviriez;274;162;171
2102;Ursy;508;99;477
211;Altikon;83;65;11
2113;Vuisternens-devant-Romont;434;199;181
2114;Villorsonnens;109;126;172
2115;Torny;56;66;22
2117;Villaz;393;96;252
2121;Haut-Intyamon;148;81;143
2122;Pont-en-Ogoz;296;55;83
2123;Botterens;33;15;113
2124;Broc;640;14;340
2125;Bulle;11205;55;5475
2128;Châtel-sur-Montsalvens;26;N/A - secret statistique;N/A - secret statistique
2129;Corbières;70;30;83
213;Brütten;300;79;49
2130;Crésuz;22;N/A - secret statistique;13
2131;Echarlens;78;32;36
2134;Grandvillard;121;39;50
2135;Gruyères;768;49;446
2137;Hauteville;66;33;30
2138;Jaun;144;63;77
214;Dägerlen;153;68;68
2140;Marsens;851;34;91
2143;Morlon;95;19;14
2145;Le Pâquier (FR);106;39;130
2147;Pont-la-Ville;87;35;N/A - secret statistique
2148;Riaz;1035;48;119
2149;La Roche;379;82;292
215;Dättlikon;101;34;29
2152;Sâles;169;154;174
2153;Sorens;156;52;136
2155;Vaulruz;495;68;272
216;Dinhard;219;70;128
2160;Vuadens;403;70;957
2162;Bas-Intyamon;254;47;499
2163;Val-de-Charmey;764;121;269
2173;Autigny;71;49;22
2174;Avry;1114;37;201
2175;Belfaux;604;79;293
2177;Chénens;105;15;124
218;Ellikon an der Thur;296;82;316
2183;Corminboeuf;905;43;166
2186;Cottens (FR);322;37;47
219;Elsau;773;43;398
2194;Ferpicloz;54;N/A - secret statistique;50
2196;Fribourg;32633;18;1959
2197;Givisiez;5391;N/A - secret statistique;1015
2198;Granges-Paccot;3137;23;548
22;Benken (ZH);124;190;43
220;Hagenbuch;92;56;45
2200;Grolley;572;33;293
2206;Marly;2173;15;595
2208;Matran;842;7;805
221;Hettlingen;418;51;361
2211;Neyruz (FR);270;11;63
2216;Pierrafortscha;6;25;16
2217;Ponthaux;75;33;18
2220;Le Mouret;642;97;246
2226;Treyvaux;172;72;78
2228;Villars-sur-Glâne;8345;12;2387
223;Neftenbach;1131;156;510
2230;Villarsel-sur-Marly;4;12;4
2233;Hauterive (FR);950;99;244
2234;La Brillaz;187;45;25
2235;La Sonnaz;128;53;48
2236;Gibloux;2018;175;1005
2237;Prez;275;92;87
2238;Bois-d'Amont;221;85;106
224;Pfungen;1071;19;450
225;Rickenbach (ZH);370;79;85
2250;Courgevaux;387;12;164
2254;Courtepin;995;116;1609
2257;Cressier (FR);141;45;440
2258;Fräschels;55;35;18
226;Schlatt (ZH);76;35;37
2261;Greng;40;16;0
2262;Gurmels;517;131;239
2265;Kerzers;1861;248;610
2266;Kleinbösingen;61;25;30
227;Seuzach;2016;35;621
2271;Meyriez;323;0;6
2272;Misery-Courtion;281;83;71
2274;Muntelier;352;7;154
2275;Murten;3589;506;1585
2276;Ried bei Kerzers;300;392;190
2278;Ulmiz;129;30;14
228;Turbenthal;1299;114;266
2284;Mont-Vully;855;165;225
2292;Brünisried;34;25;24
2293;Düdingen;2465;268;1265
2294;Giffers;417;42;98
2295;Bösingen;524;113;316
2296;Heitenried;162;93;70
2299;Plaffeien;1060;146;492
23;Berg am Irchel;79;54;27
230;Winterthur;65108;182;11899
2300;Plasselb;65;36;44
2301;Rechthalten;119;54;46
2303;St. Silvester;112;56;16
2304;St. Ursen;196;116;62
2305;Schmitten (FR);924;96;491
2306;Tafers;2083;336;703
2307;Tentlingen;221;22;90
2308;Ueberstorf;233;137;102
2309;Wünnewil-Flamatt;1377;114;950
231;Zell (ZH);1053;91;439
2321;Attalens;599;41;207
2323;Bossonnens;311;17;178
2325;Châtel-Saint-Denis;2700;94;1167
2328;Granges (Veveyse);156;23;102
2333;Remaufens;125;33;79
2335;Saint-Martin (FR);72;74;75
2336;Semsales;294;57;276
2337;Le Flon;94;49;39
2338;La Verrerie;107;113;107
24;Buch am Irchel;92;67;43
2401;Egerkingen;3556;21;519
2402;Härkingen;2867;26;372
2403;Kestenholz;420;46;228
2404;Neuendorf;2260;57;134
2405;Niederbuchsiten;325;78;327
2406;Oberbuchsiten;483;15;102
2407;Oensingen;3666;57;1948
2408;Wolfwil;482;48;270
241;Aesch (ZH);295;47;36
242;Birmensdorf (ZH);2196;53;434
2421;Aedermannsdorf;102;38;38
2422;Balsthal;1935;37;979
2424;Herbetswil;58;52;46
2425;Holderbank (SO);87;58;134
2426;Laupersdorf;156;95;198
2427;Matzendorf;232;61;131
2428;Mümliswil-Ramiswil;380;198;224
243;Dietikon;14724;28;4504
2430;Welschenrohr-Gänsbrunnen;115;63;127
244;Geroldswil;1663;N/A - secret statistique;614
2445;Biezwil;29;27;25
245;Oberengstringen;985;N/A - secret statistique;278
2455;Lüterkofen-Ichertswil;123;33;35
2457;Messen;271;103;57
246;Oetwil an der Limmat;208;7;42
2461;Schnottwil;134;53;171
2463;Unterramsern;19;20;23
2464;Lüsslingen-Nennigkofen;130;63;340
2465;Buchegg;854;222;152
247;Schlieren;17677;28;3193
2471;Bättwil;234;35;173
2472;Büren (SO);126;33;11
2473;Dornach;2346;13;393
2474;Gempen;350;32;29
2475;Hochwald;166;45;31
2476;Hofstetten-Flüh;335;27;149
2477;Metzerlen-Mariastein;170;56;20
2478;Nuglar-St. Pantaleon;123;32;48
2479;Rodersdorf;154;37;9
248;Uitikon;1039;18;98
2480;Seewen;123;61;55
2481;Witterswil;349;52;190
249;Unterengstringen;707;10;254
2491;Hauenstein-Ifenthal;37;33;9
2492;Kienberg;49;54;9
2493;Lostorf;718;61;301
2495;Niedergösgen;720;33;518
2497;Obergösgen;415;21;137
2499;Stüsslingen;124;51;28
25;Dachsen;234;N/A - secret statistique;158
250;Urdorf;7018;30;1647
2500;Trimbach;1114;41;489
2501;Winznau;266;28;69
2502;Wisen (SO);72;25;6
2503;Erlinsbach (SO);553;41;97
251;Weiningen (ZH);1684;90;475
2511;Aeschi (SO);183;44;63
2513;Biberist;2563;62;758
2514;Bolken;42;17;N/A - secret statistique
2516;Deitingen;536;77;373
2517;Derendingen;1453;26;666
2518;Etziken;102;29;214
2519;Gerlafingen;987;0;717
2520;Halten;110;37;11
2523;Horriwil;61;18;105
2524;Hüniken;12;4;N/A - secret statistique
2525;Kriegstetten;517;0;54
2526;Lohn-Ammannsegg;592;16;323
2527;Luterbach;1437;13;341
2528;Obergerlafingen;322;12;230
2529;Oekingen;61;15;11
2530;Recherswil;484;45;163
2532;Subingen;2776;37;277
2534;Zuchwil;4062;4;2048
2535;Drei Höfe;37;27;9
2541;Balm bei Günsberg;N/A - secret statistique;21;14
2542;Bellach;1029;43;1310
2543;Bettlach;851;57;1206
2544;Feldbrunnen-St. Niklaus;230;N/A - secret statistique;26
2545;Flumenthal;333;13;89
2546;Grenchen;5403;89;5491
2547;Günsberg;113;26;62
2548;Hubersdorf;95;12;10
2549;Kammersrohr;N/A - secret statistique;9;0
2550;Langendorf;1308;N/A - secret statistique;157
2551;Lommiswil;146;33;35
2553;Oberdorf (SO);418;39;27
2554;Riedholz;301;32;114
2555;Rüttenen;170;18;65
2556;Selzach;680;124;1017
2571;Boningen;101;29;95
2572;Däniken;987;32;1520
2573;Dulliken;1018;27;449
2574;Eppenberg-Wöschnau;117;13;174
2575;Fulenbach;492;54;254
2576;Gretzenbach;435;35;438
2578;Gunzgen;645;26;260
2579;Hägendorf;2735;28;505
2580;Kappel (SO);400;22;185
2581;Olten;20229;8;2393
2582;Rickenbach (SO);468;N/A - secret statistique;154
2583;Schönenwerd;1583;N/A - secret statistique;754
2584;Starrkirch-Wil;135;6;37
2585;Walterswil (SO);134;31;95
2586;Wangen bei Olten;2192;17;338
26;Dorf;130;27;19
2601;Solothurn;19394;16;2931
261;Zürich;509382;186;27412
2611;Bärschwil;47;44;35
2612;Beinwil (SO);43;82;9
2613;Breitenbach;1358;29;517
2614;Büsserach;373;23;279
2615;Erschwil;100;25;307
2616;Fehren;52;20;8
2617;Grindel;39;12;5
2618;Himmelried;78;31;14
2619;Kleinlützel;99;58;200
2620;Meltingen;96;25;14
2621;Nunningen;346;43;234
2622;Zullwil;42;15;36
27;Feuerthalen;1065;0;251
2701;Basel;161115;37;32976
2702;Bettingen;331;12;15
2703;Riehen;4656;50;545
2761;Aesch (BL);3430;73;1876
2762;Allschwil;10493;55;2860
2763;Arlesheim;4940;23;1580
2764;Biel-Benken;639;79;348
2765;Binningen;5287;23;308
2766;Birsfelden;2817;8;1462
2767;Bottmingen;1397;66;300
2768;Ettingen;738;60;447
2769;Münchenstein;10177;28;2054
2770;Muttenz;9929;38;3648
2771;Oberwil (BL);3562;59;354
2772;Pfeffingen;337;19;15
2773;Reinach (BL);8441;18;3358
2774;Schönenbuch;329;18;55
2775;Therwil;2701;109;597
2781;Blauen;62;16;51
2782;Brislach;174;46;158
2783;Burg im Leimental;20;12;N/A - secret statistique
2784;Dittingen;150;30;62
2785;Duggingen;329;22;306
2786;Grellingen;189;6;166
2787;Laufen;2776;14;1614
2788;Liesberg;160;31;538
2789;Nenzlingen;27;17;54
2790;Roggenburg;29;24;N/A - secret statistique
2791;Röschenz;193;25;41
2792;Wahlen;167;41;28
2793;Zwingen;527;10;564
28;Flaach;485;154;132
2821;Arisdorf;284;65;137
2822;Augst;282;26;459
2823;Bubendorf;1092;46;2182
2824;Frenkendorf;1405;6;790
2825;Füllinsdorf;1476;63;728
2826;Giebenach;125;4;85
2827;Hersberg;24;10;N/A - secret statistique
2828;Lausen;1155;15;689
2829;Liestal;15175;46;2024
2830;Lupsingen;129;9;9
2831;Pratteln;11633;41;4136
2832;Ramlinsburg;109;24;N/A - secret statistique
2833;Seltisberg;180;7;49
2834;Ziefen;186;45;242
2841;Anwil;61;39;N/A - secret statistique
2842;Böckten;170;11;315
2843;Buckten;138;24;123
2844;Buus;93;90;43
2845;Diepflingen;120;0;78
2846;Gelterkinden;2086;39;416
2847;Häfelfingen;89;32;5
2848;Hemmiken;18;32;11
2849;Itingen;754;12;385
2850;Känerkinden;25;7;5
2851;Kilchberg (BL);6;6;0
2852;Läufelfingen;247;53;179
2853;Maisprach;86;60;74
2854;Nusshof;47;32;N/A - secret statistique
2855;Oltingen;60;60;44
2856;Ormalingen;473;67;338
2857;Rickenbach (BL);60;35;17
2858;Rothenfluh;73;46;49
2859;Rümlingen;43;16;91
2860;Rünenberg;86;31;29
2861;Sissach;2843;103;1406
2862;Tecknau;50;5;94
2863;Tenniken;117;23;267
2864;Thürnen;145;23;111
2865;Wenslingen;132;27;20
2866;Wintersingen;106;49;23
2867;Wittinsburg;73;18;56
2868;Zeglingen;43;43;19
2869;Zunzgen;321;90;135
2881;Arboldswil;63;18;7
2882;Bennwil;56;43;105
2883;Bretzwil;80;61;27
2884;Diegten;242;115;107
2885;Eptingen;201;74;81
2886;Hölstein;359;33;561
2887;Lampenberg;42;15;5
2888;Langenbruck;268;70;22
2889;Lauwil;24;24;28
2890;Liedertswil;43;9;54
2891;Niederdorf;575;25;233
2892;Oberdorf (BL);571;26;231
2893;Reigoldswil;362;62;81
2894;Titterten;85;29;14
2895;Waldenburg;106;41;212
29;Flurlingen;311;N/A - secret statistique;160
2901;Gächlingen;97;77;51
2903;Löhningen;138;56;121
2904;Neunkirch;514;64;353
291;Andelfingen;1166;134;778
2914;Büttenhardt;31;30;22
2915;Dörflingen;97;55;78
2917;Lohn (SH);93;17;59
2919;Stetten (SH);161;21;9
292;Stammheim;590;418;402
2920;Thayngen;1529;190;788
293;Wädenswil;8285;416;1684
2931;Bargen (SH);54;26;15
2932;Beringen;955;59;1605
2933;Buchberg;132;56;61
2936;Merishausen;93;30;53
2937;Neuhausen am Rheinfall;4058;41;1510
2938;Rüdlingen;133;51;45
2939;Schaffhausen;21447;105;7025
294;Elgg;1111;108;493
295;Horgen;8998;182;1299
2951;Beggingen;61;53;18
2952;Schleitheim;336;96;239
2953;Siblingen;96;53;41
296;Illnau-Effretikon;4827;226;1787
2961;Buch (SH);51;20;8
2962;Hemishofen;54;47;9
2963;Ramsen;507;93;193
2964;Stein am Rhein;1239;29;586
297;Bauma;1289;155;492
2971;Hallau;525;214;398
2972;Oberhallau;48;83;10
2973;Trasadingen;89;64;104
2974;Wilchingen;433;186;279
298;Wiesendangen;1186;149;276
3;Bonstetten;853;41;144
3001;Herisau;6945;182;2994
3002;Hundwil;358;149;52
3003;Schönengrund;107;42;24
3004;Schwellbrunn;340;147;135
3005;Stein (AR);321;79;131
3006;Urnäsch;576;206;222
3007;Waldstatt;357;57;580
301;Aarberg;2037;134;845
302;Bargen (BE);125;50;192
3021;Bühler;361;50;358
3022;Gais;1081;93;327
3023;Speicher;1135;55;222
3024;Teufen (AR);2233;125;515
3025;Trogen;764;54;163
303;Grossaffoltern;341;186;200
3031;Grub (AR);196;52;38
3032;Heiden;1668;74;814
3033;Lutzenberg;247;29;49
3034;Rehetobel;417;48;91
3035;Reute (AR);139;24;38
3036;Wald (AR);133;55;136
3037;Walzenhausen;854;42;323
3038;Wolfhalden;248;52;279
304;Kallnach;603;263;285
305;Kappelen;269;107;315
306;Lyss;5517;105;3088
307;Meikirch;310;76;112
309;Radelfingen;111;119;40
31;Henggart;310;32;384
310;Rapperswil (BE);360;209;327
3101;Appenzell;3143;186;1548
3102;Gonten;378;180;189
3104;Schlatt-Haslen;149;194;125
311;Schüpfen;905;146;268
3111;Oberegg;277;110;364
3112;Schwende-Rüte;1520;379;735
312;Seedorf (BE);812;202;227
3201;Häggenschwil;164;113;122
3202;Muolen;243;134;81
3203;St. Gallen;75861;146;11688
3204;Wittenbach;2377;93;971
321;Aarwangen;819;73;580
3211;Berg (SG);87;66;12
3212;Eggersriet;328;75;41
3213;Goldach;2522;80;1928
3214;Mörschwil;839;99;259
3215;Rorschach;4079;0;1168
3216;Rorschacherberg;1606;47;358
3217;Steinach;611;83;1259
3218;Tübach;494;22;276
3219;Untereggen;144;56;79
322;Auswil;53;75;8
323;Bannwil;207;48;56
3231;Au (SG);2989;29;1749
3232;Balgach;1632;78;2921
3233;Berneck;1293;79;1012
3234;Diepoldsau;2038;278;1531
3235;Rheineck;942;19;624
3236;St. Margrethen;2239;39;2377
3237;Thal;2047;72;1598
3238;Widnau;3620;16;1655
324;Bleienbach;174;52;202
325;Busswil bei Melchnau;9;33;8
3251;Altstätten;4675;351;2675
3252;Eichberg;173;36;80
3253;Marbach (SG);439;103;180
3254;Oberriet (SG);2365;285;2595
3255;Rebstein;1257;27;440
3256;Rüthi (SG);461;37;801
326;Gondiswil;51;123;69
3271;Buchs (SG);6155;115;1943
3272;Gams;591;153;503
3273;Grabs;2307;209;1273
3274;Sennwald;1496;184;2789
3275;Sevelen;857;116;1197
3276;Wartau;1037;212;1018
329;Langenthal;9643;109;3410
3291;Bad Ragaz;2792;98;885
3292;Flums;1313;249;947
3293;Mels;2465;285;806
3294;Pfäfers;1103;118;50
3295;Quarten;934;116;215
3296;Sargans;3161;71;1161
3297;Vilters-Wangs;1217;102;533
3298;Walenstadt;1565;126;471
33;Kleinandelfingen;574;51;527
331;Lotzwil;473;38;432
3311;Amden;399;115;50
3312;Benken (SG);412;216;628
3313;Kaltbrunn;983;128;753
3315;Schänis;782;235;446
3316;Weesen;425;25;30
332;Madiswil;775;238;241
333;Melchnau;392;99;130
3338;Schmerikon;1064;23;727
3339;Uznach;2609;40;950
3340;Rapperswil-Jona;15481;80;3351
3341;Gommiswald;804;204;433
3342;Eschenbach (SG);1731;407;1963
335;Oeschenbach;28;54;16
3352;Ebnat-Kappel;1031;176;1095
3359;Wildhaus-Alt St. Johann;1076;237;316
336;Reisiswil;35;17;0
3360;Nesslau;1152;405;336
337;Roggwil (BE);1099;45;612
3374;Lichtensteig;335;16;213
3379;Wattwil;2857;326;1512
338;Rohrbach;212;45;320
339;Rohrbachgraben;73;80;17
3392;Kirchberg (SG);2069;395;2644
3393;Lütisburg;268;117;231
3394;Mosnang;554;335;341
3395;Bütschwil-Ganterschwil;1511;247;824
3396;Neckertal;1183;581;628
34;Laufen-Uhwiesen;314;85;63
340;Rütschelen;43;35;13
3401;Degersheim;899;119;856
3402;Flawil;2305;98;1756
3405;Jonschwil;1499;97;737
3407;Oberuzwil;1448;187;746
3408;Uzwil;3253;87;3557
341;Schwarzhäusern;51;14;17
342;Thunstetten;634;125;849
3422;Niederbüren;214;208;254
3423;Niederhelfenschwil;429;197;271
3424;Oberbüren;2053;201;1214
3426;Zuzwil (SG);1256;50;718
3427;Wil (SG);12203;144;3567
344;Ursenbach;138;107;204
3441;Andwil (SG);230;56;301
3442;Gaiserwald;1972;94;522
3443;Gossau (SG);8748;299;4413
3444;Waldkirch;753;285;450
345;Wynau;244;36;94
35;Marthalen;843;119;279
3506;Vaz/Obervaz;2388;84;355
351;Bern;182452;296;14551
3513;Lantsch/Lenz;177;19;8
3514;Schmitten (GR);12;4;40
352;Bolligen;1326;120;268
353;Bremgarten bei Bern;647;9;23
354;Kirchlindach;707;131;78
3542;Albula/Alvra;545;98;93
3543;Surses;1027;190;353
3544;Bergün Filisur;382;147;81
355;Köniz;17804;420;3694
3551;Brusio;294;166;429
356;Muri bei Bern;8800;16;1724
3561;Poschiavo;1465;182;672
357;Oberbalm;66;170;71
3572;Falera;157;28;78
3575;Laax;1555;22;146
358;Stettlen;623;23;185
3581;Sagogn;77;12;20
3582;Schluein;244;11;71
359;Vechigen;1019;238;134
360;Wohlen bei Bern;1474;257;328
3603;Vals;406;74;191
361;Zollikofen;7520;416;1224
3618;Lumnezia;502;251;163
3619;Ilanz/Glion;2737;180;502
362;Ittigen;12101;45;711
363;Ostermundigen;6280;19;1795
3633;Fürstenau;186;13;N/A - secret statistique
3637;Rothenbrunnen;444;26;21
3638;Scharans;328;26;51
3640;Sils im Domleschg;109;11;219
3661;Cazis;1109;118;326
3662;Flerden;39;36;N/A - secret statistique
3663;Masein;74;28;15
3668;Thusis;1913;31;460
3669;Tschappina;58;37;0
3670;Urmein;27;25;0
3672;Safiental;212;188;26
3673;Domleschg;309;153;69
3681;Avers;76;44;13
3695;Sufers;27;27;25
37;Ossingen;336;63;71
3701;Andeer;348;39;91
371;Biel/Bienne;32819;33;10375
3711;Rongellen;8;N/A - secret statistique;0
3712;Zillis-Reischen;65;27;112
3713;Ferrera;13;N/A - secret statistique;19
3714;Rheinwald;220;88;47
3715;Muntogna da Schons;149;107;7
372;Evilard;290;16;27
3721;Bonaduz;869;73;890
3722;Domat/Ems;1876;42;2032
3723;Rhäzüns;175;21;200
3731;Felsberg;286;29;208
3732;Flims;1533;41;314
3733;Tamins;122;37;101
3734;Trin;203;41;106
3746;Zernez;674;87;241
3752;Samnaun;1103;36;48
3762;Scuol;2627;225;539
3764;Valsot;178;111;164
3781;Bever;228;13;120
3782;Celerina/Schlarigna;784;31;125
3783;Madulain;53;17;5
3784;Pontresina;1604;6;386
3785;La Punt Chamues-ch;185;19;54
3786;Samedan;2439;23;407
3787;St. Moritz;6963;21;1098
3788;S-chanf;139;42;114
3789;Sils im Engadin/Segl;885;32;154
3790;Silvaplana;963;16;57
3791;Zuoz;664;28;160
3792;Bregaglia;641;98;372
38;Rheinau;729;27;49
3804;Buseno;5;12;0
3805;Castaneda;88;11;5
3808;Rossa;17;8;N/A - secret statistique
381;Arch;236;32;323
3810;Santa Maria in Calanca;13;7;N/A - secret statistique
382;Büetigen;78;25;47
3821;Lostallo;110;67;132
3822;Mesocco;419;42;137
3823;Soazza;51;13;49
383;Büren an der Aare;836;109;1298
3831;Cama;98;20;41
3832;Grono;732;25;398
3834;Roveredo (GR);920;39;286
3835;San Vittore;144;22;362
3837;Calanca;36;35;48
3847;Val Müstair;749;140;323
385;Diessbach bei Büren;75;150;75
3851;Davos;8055;207;1018
386;Dotzigen;708;26;83
3861;Fideris;92;54;66
3862;Furna;27;54;8
3863;Jenaz;168;59;172
387;Lengnau (BE);797;32;727
3871;Klosters;1660;208;570
388;Leuzigen;139;82;53
3881;Conters im Prättigau;78;19;6
3882;Küblis;275;48;233
389;Meienried;10;10;N/A - secret statistique
3891;Luzein;239;170;110
39;Thalheim an der Thur;155;38;131
390;Meinisberg;170;22;61
3901;Chur;30631;157;3566
391;Oberwil bei Büren;71;65;37
3911;Churwalden;690;100;195
392;Pieterlen;863;31;446
3921;Arosa;2483;142;310
393;Rüti bei Büren;344;38;152
3932;Tschiertschen-Praden;74;21;14
394;Wengi;55;60;35
3945;Trimmis;451;61;639
3946;Untervaz;636;88;402
3947;Zizers;1336;69;723
3951;Fläsch;220;104;7
3952;Jenins;158;109;21
3953;Maienfeld;1341;167;669
3954;Malans;558;143;231
3955;Landquart;3794;95;2305
3961;Grüsch;451;115;772
3962;Schiers;1122;91;352
3972;Seewis im Prättigau;253;81;268
3981;Breil/Brigels;478;140;139
3982;Disentis/Mustér;807;79;285
3983;Medel (Lucmagn);89;51;13
3985;Sumvitg;208;88;156
3986;Tujetsch;399;32;171
3987;Trun;460;72;117
3988;Obersaxen Mundaun;375;97;160
4;Hausen am Albis;879;111;119
40;Trüllikon;137;121;70
4001;Aarau;33368;29;2968
4002;Biberstein;260;23;11
4003;Buchs (AG);3166;11;2243
4004;Densbüren;239;58;135
4005;Erlinsbach (AG);1092;58;99
4006;Gränichen;1558;75;1327
4007;Hirschthal;530;35;259
4008;Küttigen;1075;66;309
4009;Muhen;1168;84;242
401;Aefligen;149;22;110
4010;Oberentfelden;2627;25;1195
4012;Suhr;4153;39;997
4013;Unterentfelden;1959;23;739
402;Alchenstorf;38;88;14
4021;Baden;23020;63;7675
4022;Bellikon;837;20;24
4023;Bergdietikon;619;47;497
4024;Birmenstorf (AG);659;156;310
4026;Ennetbaden;786;12;24
4027;Fislisbach;1058;10;353
4028;Freienwil;102;25;9
4029;Gebenstorf;1291;33;586
403;Bäriswil;155;15;20
4030;Killwangen;261;11;340
4031;Künten;290;48;147
4032;Mägenwil;2682;18;493
4033;Mellingen;1422;24;556
4034;Neuenhof;2109;7;636
4035;Niederrohrdorf;719;18;116
4037;Oberrohrdorf;638;17;157
4038;Obersiggenthal;1612;31;350
4039;Remetschwil;380;44;172
404;Burgdorf;10810;32;3820
4040;Spreitenbach;7369;38;1143
4041;Stetten (AG);316;66;609
4044;Untersiggenthal;1030;45;1307
4045;Wettingen;6220;80;1437
4046;Wohlenschwil;246;61;48
4047;Würenlingen;2427;58;1380
4048;Würenlos;1507;66;799
4049;Ehrendingen;645;72;147
405;Ersigen;271;158;148
406;Hasle bei Burgdorf;816;252;322
4061;Arni (AG);194;16;92
4062;Berikon;1416;29;141
4063;Bremgarten (AG);3653;50;1090
4064;Büttikon;131;22;70
4065;Dottikon;519;34;257
4066;Eggenwil;91;32;43
4067;Fischbach-Göslikon;190;24;185
4068;Hägglingen;296;76;406
407;Heimiswil;159;263;51
4071;Jonen;384;56;189
4072;Niederwil (AG);936;75;390
4073;Oberlunkhofen;367;35;61
4074;Oberwil-Lieli;366;60;102
4075;Rudolfstetten-Friedlisberg;659;28;341
4076;Sarmenstorf;477;66;194
4077;Tägerig;180;19;23
4078;Uezwil;41;34;20
4079;Unterlunkhofen;111;43;109
408;Hellsau;44;27;62
4080;Villmergen;2420;71;2178
4081;Widen;813;15;117
4082;Wohlen (AG);6894;66;1806
4083;Zufikon;911;17;269
4084;Islisberg;46;24;7
409;Hindelbank;780;59;150
4091;Auenstein;153;14;113
4092;Birr;1039;26;906
4093;Birrhard;84;35;139
4095;Brugg;8183;22;1755
4099;Habsburg;49;8;8
41;Truttikon;44;53;34
410;Höchstetten;35;35;18
4100;Hausen (AG);1569;8;163
4104;Lupfig;2313;68;685
4105;Mandach;49;32;7
4106;Mönthal;34;14;37
4107;Mülligen;104;16;69
411;Kernenried;69;33;26
4110;Remigen;137;116;113
4111;Riniken;193;30;49
4112;Rüfenach;161;46;21
4117;Thalheim (AG);124;56;68
412;Kirchberg (BE);2200;69;1064
4120;Veltheim (AG);365;54;226
4121;Villigen;1437;51;65
4122;Villnachern;124;34;100
4123;Windisch;4861;11;379
4124;Bözberg;206;94;30
4125;Schinznach;784;160;425
413;Koppigen;701;50;215
4131;Beinwil am See;783;24;206
4132;Birrwil;177;17;24
4134;Dürrenäsch;693;22;222
4135;Gontenschwil;549;91;412
4136;Holziken;185;25;77
4137;Leimbach (AG);51;20;53
4138;Leutwil;60;29;74
4139;Menziken;1606;35;618
414;Krauchthal;334;110;102
4140;Oberkulm;389;75;529
4141;Reinach (AG);2486;62;1307
4142;Schlossrued;131;82;154
4143;Schmiedrued;162;106;112
4144;Schöftland;1325;16;452
4145;Teufenthal (AG);231;33;102
4146;Unterkulm;663;65;438
4147;Zetzwil;420;41;151
415;Lyssach;1507;32;183
4161;Eiken;660;26;627
4163;Frick;3313;56;926
4164;Gansingen;96;68;9
4165;Gipf-Oberfrick;541;96;171
4169;Kaisten;328;77;482
4170;Laufenburg;1353;79;855
4172;Münchwilen (AG);207;4;383
4173;Oberhof;44;61;29
4175;Oeschgen;210;21;75
4176;Schwaderloch;67;9;153
4177;Sisseln;264;7;817
418;Oberburg;786;138;342
4181;Wittnau;115;45;115
4182;Wölflinswil;130;100;79
4183;Zeihen;126;83;58
4184;Mettauertal;335;119;319
4185;Böztal;389;146;143
4186;Herznach-Ueken;243;90;179
4191;Ammerswil;54;37;33
4192;Boniswil;148;9;60
4193;Brunegg;563;15;121
4194;Dintikon;1003;58;211
4195;Egliswil;205;32;204
4196;Fahrwangen;438;34;296
4197;Hallwil;174;15;117
4198;Hendschiken;465;27;67
4199;Holderbank (AG);610;7;101
420;Rüdtligen-Alchenflüh;790;30;392
4200;Hunzenschwil;1346;30;553
4201;Lenzburg;7463;21;2311
4202;Meisterschwanden;961;26;338
4203;Möriken-Wildegg;1173;28;478
4204;Niederlenz;1064;10;675
4205;Othmarsingen;784;33;394
4206;Rupperswil;1141;19;778
4207;Schafisheim;3585;47;652
4208;Seengen;1015;95;263
4209;Seon;2221;80;718
421;Rumendingen;98;34;14
4210;Staufen;749;18;105
422;Rüti bei Lyssach;4;22;N/A - secret statistique
4221;Abtwil;77;43;54
4222;Aristau;218;88;51
4223;Auw;296;99;211
4224;Beinwil (Freiamt);229;124;55
4226;Besenbüren;74;25;36
4227;Bettwil;79;47;115
4228;Boswil;906;107;512
4229;Bünzen;136;71;46
423;Willadingen;18;17;N/A - secret statistique
4230;Buttwil;145;24;29
4231;Dietwil;94;64;33
4232;Geltwil;31;29;11
4233;Kallern;56;45;10
4234;Merenschwand;688;127;768
4235;Mühlau;148;79;112
4236;Muri (AG);3961;152;1675
4237;Oberrüti;243;57;119
4238;Rottenschwil;126;29;61
4239;Sins;1101;269;1018
424;Wynigen;333;267;202
4240;Waltenschwil;445;64;152
4251;Hellikon;53;52;30
4252;Kaiseraugst;1843;9;4891
4253;Magden;474;43;193
4254;Möhlin;3325;122;1063
4255;Mumpf;273;13;84
4256;Obermumpf;80;25;N/A - secret statistique
4257;Olsberg;79;27;N/A - secret statistique
4258;Rheinfelden;7414;13;1346
4259;Schupfart;109;46;53
4260;Stein (AG);1480;4;2170
4261;Wallbach;256;20;455
4262;Wegenstetten;110;48;41
4263;Zeiningen;424;72;100
4264;Zuzgen;169;57;37
4271;Aarburg;2493;41;1054
4273;Bottenwil;84;36;38
4274;Brittnau;415;135;204
4275;Kirchleerau;137;43;79
4276;Kölliken;1306;49;418
4277;Moosleerau;136;18;233
4279;Murgenthal;519;48;337
4280;Oftringen;4546;96;1263
4281;Reitnau;277;110;209
4282;Rothrist;3749;53;1528
4283;Safenwil;1387;43;358
4284;Staffelbach;151;66;160
4285;Strengelbach;1081;36;302
4286;Uerkheim;179;74;100
4287;Vordemwald;399;45;127
4288;Wiliberg;28;12;7
4289;Zofingen;7569;62;3399
43;Volken;44;31;14
4303;Böttstein;961;50;787
4304;Döttingen;1031;49;1293
4305;Endingen;536;86;218
4306;Fisibach;78;32;82
4307;Full-Reuenthal;110;56;20
4309;Klingnau;653;35;320
431;Corgémont;492;60;226
4310;Koblenz;247;28;181
4311;Leibstadt;324;57;668
4312;Lengnau (AG);612;113;450
4313;Leuggern;856;108;288
4314;Mellikon;55;10;73
4318;Schneisingen;201;63;82
4319;Siglistorf;95;17;66
432;Cormoret;83;28;27
4320;Tegerfelden;196;61;218
4324;Zurzach;3230;128;623
433;Cortébert;133;51;60
434;Courtelary;345;56;367
435;La Ferrière;62;68;64
437;Mont-Tramelan;7;35;10
438;Orvin;269;51;179
4401;Arbon;4830;40;1879
4406;Dozwil;95;19;107
441;Renan (BE);170;55;29
4411;Egnach;1048;369;538
4416;Hefenhofen;215;118;481
442;Romont (BE);15;13;6
4421;Horn;893;13;382
4426;Kesswil;195;65;170
443;Saint-Imier;2285;58;1436
4431;Roggwil (TG);746;161;818
4436;Romanshorn;4147;72;1961
444;Sonceboz-Sombeval;563;38;1080
4441;Salmsach;209;181;103
4446;Sommeri;388;46;91
445;Sonvilier;162;105;37
4451;Uttwil;277;66;44
446;Tramelan;1259;94;1158
4461;Amriswil;4356;203;2033
4471;Bischofszell;1688;91;1722
4476;Erlen;576;185;575
448;Villeret;127;39;1101
4486;Hauptwil-Gottshaus;272;137;184
449;Sauge;112;27;24
4495;Hohentannen;66;102;103
450;Péry-La Heutte;236;25;195
4501;Kradolf-Schönenberg;582;85;447
4506;Sulgen;968;103;1567
4511;Zihlschlacht-Sitterdorf;1174;119;220
4536;Basadingen-Schlattingen;183;324;248
4545;Diessenhofen;1159;67;704
4546;Schlatt (TG);300;107;200
4551;Aadorf;2312;111;1442
4561;Felben-Wellhausen;496;98;470
4566;Frauenfeld;17842;155;4530
4571;Gachnang;988;84;449
4590;Hüttlingen;82;131;65
4591;Matzingen;565;60;501
4601;Neunforn;137;110;152
4606;Stettfurt;229;164;51
4611;Thundorf;152;144;130
4616;Uesslingen-Buch;198;143;74
4621;Warth-Weiningen;453;53;113
4641;Altnau;618;108;197
4643;Bottighofen;876;6;55
4646;Ermatingen;816;50;276
4651;Gottlieben;72;0;53
4656;Güttingen;318;110;220
4666;Kemmental;393;220;220
4671;Kreuzlingen;8585;25;3022
4681;Langrickenbach;133;159;42
4683;Lengwil;610;101;179
4691;Münsterlingen;3580;40;52
4696;Tägerwilen;2886;205;715
4701;Wäldi;253;105;93
4711;Affeltrangen;440;158;677
4716;Bettwiesen;129;33;170
4721;Bichelsee-Balterswil;511;84;341
4723;Braunau;151;98;40
4724;Eschlikon;978;45;837
4726;Fischingen;808;230;509
4741;Lommis;199;55;215
4746;Münchwilen (TG);1644;84;1035
4751;Rickenbach (TG);739;N/A - secret statistique;249
4756;Schönholzerswilen;153;159;42
4761;Sirnach;2967;93;1032
4776;Tobel-Tägerschen;576;54;151
4781;Wängi;1128;161;804
4786;Wilen (TG);440;N/A - secret statistique;74
4791;Wuppenau;162;133;102
4801;Berlingen;311;17;23
4806;Eschenz;390;91;184
4811;Herdern;197;111;28
4816;Homburg;349;254;346
4821;Hüttwilen;390;138;221
4826;Mammern;465;63;15
4831;Müllheim;752;68;566
4841;Pfyn;576;116;130
4846;Raperswilen;64;66;32
4851;Salenstein;477;49;46
4864;Steckborn;997;74;492
4871;Wagenhausen;240;70;115
4881;Amlikon-Bissegg;182;132;142
4891;Berg (TG);1162;156;362
4901;Birwinken;153;158;61
491;Brüttelen;161;121;22
4911;Bürglen (TG);1006;96;404
492;Erlach;288;36;57
4921;Bussnang;605;288;2490
493;Finsterhennen;57;45;55
494;Gals;431;145;51
4941;Märstetten;846;144;296
4946;Weinfelden;8632;127;1795
495;Gampelen;533;80;160
4951;Wigoltingen;410;176;443
496;Ins;1092;288;388
497;Lüscherz;59;37;41
498;Müntschemier;729;101;209
499;Siselen;79;46;63
5;Hedingen;750;28;641
500;Treiten;57;69;10
5001;Arbedo-Castione;2159;29;640
5002;Bellinzona;25582;381;3092
5003;Cadenazzo;1379;93;466
5009;Isone;98;18;22
501;Tschugg;415;10;15
5010;Lumino;203;11;190
5017;Sant'Antonino;1813;73;531
502;Vinelz;108;44;49
5048;Acquarossa;577;103;150
5049;Blenio;337;126;169
5050;Serravalle;247;117;248
5061;Airolo;536;55;284
5063;Bedretto;33;N/A - secret statistique;5
5064;Bodio;133;N/A - secret statistique;282
5071;Dalpe;17;4;0
5072;Faido;825;115;209
5073;Giornico;233;14;151
5076;Personico;41;5;98
5077;Pollegio;259;14;19
5078;Prato (Leventina);94;11;26
5079;Quinto;511;76;165
5091;Ascona;2910;7;339
5096;Brione sopra Minusio;68;N/A - secret statistique;N/A - secret statistique
5097;Brissago;1069;15;187
51;Bachenbülach;1028;5;592
5108;Gordola;1246;56;395
5112;Lavertezzo;484;13;404
5113;Locarno;11335;93;2237
5115;Losone;1691;24;1516
5117;Mergoscia;24;15;N/A - secret statistique
5118;Minusio;1503;22;363
5120;Muralto;1574;11;68
5121;Orselina;491;0;18
5125;Ronco sopra Ascona;102;N/A - secret statistique;65
5131;Tenero-Contra;1136;20;389
5136;Onsernone;197;34;22
5138;Cugnasco-Gerra;336;42;103
5141;Agno;1766;12;775
5143;Aranno;23;13;8
5144;Arogno;207;32;23
5146;Astano;43;5;9
5148;Bedano;973;N/A - secret statistique;752
5149;Bedigliora;113;20;41
5151;Bioggio;3295;7;1252
5154;Bissone;181;N/A - secret statistique;21
5160;Brusino Arsizio;85;N/A - secret statistique;6
5161;Cademario;127;21;5
5162;Cadempino;1906;0;820
5167;Canobbio;901;N/A - secret statistique;92
5171;Caslano;1092;5;717
5176;Comano;928;10;21
5180;Cureglia;258;6;73
5181;Curio;115;N/A - secret statistique;14
5186;Grancia;1001;4;96
5187;Gravesano;818;0;260
5189;Lamone;994;21;1142
5192;Lugano;53090;98;5329
5193;Magliaso;465;15;77
5194;Manno;5012;13;890
5196;Massagno;1840;0;386
5198;Melide;569;N/A - secret statistique;127
5199;Mezzovico-Vira;1069;15;1789
52;Bassersdorf;3674;38;969
5200;Miglieglia;29;5;19
5203;Morcote;227;0;35
5205;Muzzano;538;18;649
5206;Neggio;118;7;N/A - secret statistique
5207;Novaggio;296;9;19
5208;Origlio;188;10;22
5210;Paradiso;3024;0;298
5212;Ponte Capriasca;187;4;30
5214;Porza;545;N/A - secret statistique;112
5216;Pura;187;4;23
5221;Savosa;984;N/A - secret statistique;95
5225;Sorengo;1251;0;70
5226;Capriasca;1246;65;310
5227;Torricella-Taverne;887;51;784
5230;Vernate;52;4;5
5231;Vezia;946;9;176
5233;Vico Morcote;143;8;N/A - secret statistique
5236;Collina d'Oro;1788;16;606
5237;Alto Malcantone;108;32;37
5238;Monteceneri;2102;33;864
5239;Tresa;952;91;1024
5240;Val Mara;731;22;207
5242;Balerna;3355;6;1221
5249;Castel San Pietro;626;71;906
5250;Chiasso;9616;18;1187
5251;Coldrerio;917;15;112
5254;Mendrisio;11864;218;7082
5257;Morbio Inferiore;1621;7;255
5260;Novazzano;1283;63;750
5263;Riva San Vitale;726;40;428
5266;Stabio;4464;26;3035
5268;Vacallo;531;5;88
5269;Breggia;201;66;40
5281;Biasca;2460;48;811
5287;Riviera;551;61;925
53;Bülach;9052;84;2067
5304;Bosco/Gurin;28;11;10
5307;Campo (Vallemaggia);11;8;13
5309;Cerentino;N/A - secret statistique;10;8
5310;Cevio;463;26;223
5315;Linescio;N/A - secret statistique;0;0
5317;Maggia;520;82;202
5323;Lavizzara;70;65;76
5324;Avegno Gordevio;324;50;89
533;Bätterkinden;559;63;338
535;Deisswil bei Münchenbuchsee;36;15;287
538;Fraubrunnen;802;268;230
5396;Terre di Pedemonte;480;26;189
5397;Centovalli;315;35;84
5398;Gambarogno;1655;101;909
5399;Verzasca;133;67;48
54;Dietlikon;4105;7;1300
540;Jegenstorf;1964;99;259
5401;Aigle;4600;304;1398
5402;Bex;1651;186;834
5403;Chessel;27;60;11
5404;Corbeyrier;93;18;6
5405;Gryon;303;9;99
5406;Lavey-Morcles;314;11;60
5407;Leysin;1345;33;137
5408;Noville;476;78;238
5409;Ollon;2578;226;304
541;Iffwil;63;70;14
5410;Ormont-Dessous;322;76;35
5411;Ormont-Dessus;607;37;146
5412;Rennaz;2926;14;117
5413;Roche (VD);256;16;323
5414;Villeneuve (VD);1864;39;1062
5415;Yvorne;286;213;50
5422;Aubonne;2827;138;1065
5423;Ballens;195;96;32
5424;Berolle;25;34;10
5425;Bière;306;67;178
5426;Bougy-Villars;80;20;0
5427;Féchy;300;43;41
5428;Gimel;450;63;89
5429;Longirod;36;45;6
543;Mattstetten;147;25;25
5430;Marchissy;34;38;19
5431;Mollens (VD);35;34;4
5434;Saint-George;150;33;48
5435;Saint-Livres;49;35;22
5436;Saint-Oyens;34;8;19
5437;Saubraz;26;9;11
544;Moosseedorf;3642;29;1264
5451;Avenches;1858;101;862
5456;Cudrefin;247;81;38
5458;Faoug;111;35;34
546;Münchenbuchsee;4463;60;754
5464;Vully-les-Lacs;432;212;55
5471;Bettens;52;18;24
5472;Bournens;34;16;6
5473;Boussens;136;11;24
5474;La Chaux (Cossonay);40;17;8
5475;Chavannes-le-Veyron;4;23;N/A - secret statistique
5476;Chevilly;17;14;5
5477;Cossonay;1425;54;234
5479;Cuarnens;63;41;28
5480;Daillens;746;29;109
5481;Dizy;13;17;27
5482;Eclépens;628;30;984
5483;Ferreyres;35;13;10
5484;Gollion;166;44;78
5485;Grancy;36;22;31
5486;L'Isle;129;50;94
5487;Lussery-Villars;40;17;5
5488;Mauraz;12;6;0
5489;Mex (VD);117;10;1653
5490;Moiry;41;33;4
5491;Mont-la-Ville;54;27;7
5492;Montricher;171;53;71
5493;Orny;68;35;12
5495;Penthalaz;1258;10;150
5496;Penthaz;330;10;321
5497;Pompaples;536;24;20
5498;La Sarraz;593;28;125
5499;Senarclens;100;16;28
55;Eglisau;983;81;296
5501;Sullens;120;16;71
5503;Vufflens-la-Ville;811;17;140
551;Urtenen-Schönbühl;3614;40;644
5511;Assens;783;56;601
5512;Bercher;370;16;94
5514;Bottens;136;37;62
5515;Bretigny-sur-Morrens;100;9;126
5516;Cugy (VD);950;13;249
5518;Echallens;2268;35;450
552;Utzenstorf;873;116;529
5520;Essertines-sur-Yverdon;105;41;36
5521;Etagnières;503;26;212
5522;Fey;68;22;93
5523;Froideville;215;15;35
5527;Morrens (VD);100;14;39
5529;Oulens-sous-Echallens;90;38;15
553;Wiggiswil;13;17;12
5530;Pailly;120;53;33
5531;Penthéréaz;40;27;63
5533;Poliez-Pittet;284;30;139
5534;Rueyres;24;11;56
5535;Saint-Barthélemy (VD);281;40;21
5537;Villars-le-Terroir;145;43;50
5539;Vuarrens;87;43;34
554;Wiler bei Utzenstorf;77;49;188
5540;Montilliez;147;87;87
5541;Goumoëns;231;49;82
5551;Bonvillars;39;45;40
5552;Bullet;159;33;23
5553;Champagne;189;25;289
5554;Concise;131;61;21
5555;Corcelles-près-Concise;89;40;N/A - secret statistique
5556;Fiez;35;12;5
5557;Fontaines-sur-Grandson;11;11;N/A - secret statistique
5559;Giez;31;25;47
556;Zielebach;15;14;11
5560;Grandevent;15;9;N/A - secret statistique
5561;Grandson;1198;11;328
5562;Mauborget;15;13;0
5563;Mutrux;11;10;4
5564;Novalles;7;14;N/A - secret statistique
5565;Onnens (VD);216;24;7
5566;Provence;66;48;34
5568;Sainte-Croix;1247;75;607
557;Zuzwil (BE);57;29;N/A - secret statistique
5571;Tévenon;76;36;21
5581;Belmont-sur-Lausanne;480;6;58
5582;Cheseaux-sur-Lausanne;1513;32;468
5583;Crissier;7229;21;2964
5584;Epalinges;3481;5;229
5585;Jouxtens-Mézery;147;N/A - secret statistique;55
5586;Lausanne;124284;111;6509
5587;Le Mont-sur-Lausanne;7169;51;1724
5588;Paudex;1396;N/A - secret statistique;151
5589;Prilly;5696;4;1216
5590;Pully;5680;26;368
5591;Renens (VD);13873;31;2225
5592;Romanel-sur-Lausanne;1106;N/A - secret statistique;747
56;Embrach;3154;58;843
5601;Chexbres;662;59;105
5604;Forel (Lavaux);549;120;583
5606;Lutry;3042;122;337
5607;Puidoux;1449;195;784
5609;Rivaz;17;54;N/A - secret statistique
561;Adelboden;1549;343;567
5610;Saint-Saphorin (Lavaux);66;24;N/A - secret statistique
5611;Savigny;1063;101;297
5613;Bourg-en-Lavaux;1314;320;134
562;Aeschi bei Spiez;774;159;160
5621;Aclens;1364;18;527
5622;Bremblens;140;44;171
5623;Buchillon;113;10;6
5624;Bussigny;4285;13;1903
5627;Chavannes-près-Renens;3844;N/A - secret statistique;208
5628;Chigny;48;22;10
5629;Clarmont;20;25;N/A - secret statistique
563;Frutigen;2486;561;1469
5631;Denens;59;52;10
5632;Denges;640;30;234
5633;Echandens;968;22;609
5634;Echichens;665;110;44
5635;Ecublens (VD);14879;21;2843
5636;Etoy;2571;116;483
5637;Lavigny;799;41;82
5638;Lonay;1111;58;423
5639;Lully (VD);135;19;43
564;Kandergrund;111;106;64
5640;Lussy-sur-Morges;199;22;44
5642;Morges;11234;59;967
5643;Préverenges;1250;21;433
5645;Romanel-sur-Morges;258;14;264
5646;Saint-Prex;1819;55;1300
5648;Saint-Sulpice (VD);1364;N/A - secret statistique;319
5649;Tolochenaz;1693;11;830
565;Kandersteg;636;29;72
5650;Vaux-sur-Morges;78;25;N/A - secret statistique
5651;Villars-Sainte-Croix;798;7;647
5652;Villars-sous-Yens;49;40;6
5653;Vufflens-le-Château;101;74;6
5654;Vullierens;77;40;42
5655;Yens;220;86;114
5656;Hautemorges;710;233;238
566;Krattigen;233;26;42
5661;Boulens;28;15;27
5663;Bussy-sur-Moudon;10;11;18
5665;Chavannes-sur-Moudon;14;44;5
5669;Curtilles;33;23;14
567;Reichenbach im Kandertal;698;292;437
5671;Dompierre (VD);13;21;15
5673;Hermenches;24;25;5
5674;Lovatens;10;22;N/A - secret statistique
5675;Lucens;556;88;428
5678;Moudon;2047;58;723
5680;Ogens;30;14;47
5683;Prévonloup;12;14;9
5684;Rossenges;6;7;0
5688;Syens;14;7;8
5690;Villars-le-Comte;17;14;N/A - secret statistique
5692;Vucherens;163;19;11
5693;Montanaire;402;190;176
57;Freienstein-Teufen;409;73;212
5701;Arnex-sur-Nyon;16;8;6
5702;Arzier-Le Muids;354;24;54
5703;Bassins;130;54;48
5704;Begnins;329;67;21
5705;Bogis-Bossey;81;12;N/A - secret statistique
5706;Borex;103;20;8
5707;Chavannes-de-Bogis;951;18;70
5708;Chavannes-des-Bois;68;4;5
5709;Chéserex;179;18;26
571;Beatenberg;444;58;72
5710;Coinsins;131;18;82
5711;Commugny;248;18;17
5712;Coppet;879;N/A - secret statistique;53
5713;Crans (VD);260;15;38
5714;Crassier;234;27;142
5715;Duillier;181;22;113
5716;Eysins;1566;30;547
5717;Founex;771;107;81
5718;Genolier;934;17;114
5719;Gingins;160;27;140
572;Bönigen;294;25;395
5720;Givrins;134;40;32
5721;Gland;6722;116;1092
5722;Grens;37;33;57
5723;Mies;843;4;55
5724;Nyon;15658;45;2181
5725;Prangins;1088;16;946
5726;La Rippe;162;30;42
5727;Saint-Cergue;339;15;90
5728;Signy-Avenex;635;40;29
5729;Tannay;150;10;12
573;Brienz (BE);1068;119;413
5730;Trélex;161;17;34
5731;Le Vaud;169;20;46
5732;Vich;433;27;115
574;Brienzwiler;92;18;26
5741;L'Abergement;13;9;9
5742;Agiez;16;34;15
5743;Arnex-sur-Orbe;65;65;62
5744;Ballaigues;129;35;836
5745;Baulmes;119;37;219
5746;Bavois;190;48;26
5747;Bofflens;9;39;10
5748;Bretonnières;22;22;10
5749;Chavornay;1049;148;668
575;Därligen;63;14;N/A - secret statistique
5750;Les Clées;10;4;8
5752;Croy;208;4;12
5754;Juriens;17;22;14
5755;Lignerolle;66;33;13
5756;Montcherand;24;18;24
5757;Orbe;3363;32;1375
5758;La Praz;11;13;6
5759;Premier;10;29;12
576;Grindelwald;2563;242;455
5760;Rances;52;26;23
5761;Romainmôtier-Envy;98;14;75
5762;Sergey;9;8;5
5763;Valeyres-sous-Rances;60;53;76
5764;Vallorbe;834;29;588
5765;Vaulion;51;57;50
5766;Vuiteboeuf;168;23;42
577;Gsteigwiler;123;26;10
578;Gündlischwand;95;5;17
5785;Corcelles-le-Jorat;37;30;14
579;Habkern;116;135;52
5790;Maracon;44;22;31
5792;Montpreveyres;100;N/A - secret statistique;22
5798;Ropraz;123;29;29
5799;Servion;597;15;125
58;Glattfelden;842;33;235
580;Hofstetten bei Brienz;207;20;129
5803;Vulliens;41;39;13
5804;Jorat-Menthue;175;53;103
5805;Oron;1582;179;608
5806;Jorat-Mézières;690;128;98
581;Interlaken;6203;7;694
5812;Champtauroz;10;22;0
5813;Chevroux;75;24;16
5816;Corcelles-près-Payerne;402;102;360
5817;Grandcour;81;65;77
5819;Henniez;60;8;212
582;Iseltwald;71;17;18
5821;Missy;27;42;9
5822;Payerne;6022;87;1012
5827;Trey;17;51;9
5828;Treytorrens (Payerne);9;18;N/A - secret statistique
5830;Villarzel;50;46;17
5831;Valbroye;662;254;447
584;Lauterbrunnen;1896;121;172
5841;Château-d'Oex;1295;212;309
5842;Rossinière;63;37;50
5843;Rougemont;315;69;73
585;Leissigen;153;17;53
5851;Allaman;280;63;31
5852;Bursinel;78;17;9
5853;Bursins;282;43;87
5854;Burtigny;80;23;16
5855;Dully;107;N/A - secret statistique;7
5856;Essertines-sur-Rolle;56;35;9
5857;Gilly;214;81;26
5858;Luins;64;89;16
5859;Mont-sur-Rolle;366;106;62
586;Lütschental;91;33;12
5860;Perroy;257;93;130
5861;Rolle;4269;16;465
5862;Tartegnin;19;45;N/A - secret statistique
5863;Vinzel;88;38;5
587;Matten bei Interlaken;1104;22;250
5871;L'Abbaye;314;19;421
5872;Le Chenit;2210;70;4331
5873;Le Lieu;129;32;622
588;Niederried bei Interlaken;30;9;10
5882;Chardonne;635;103;31
5883;Corseaux;380;32;47
5884;Corsier-sur-Vevey;867;36;817
5885;Jongny;224;13;31
5886;Montreux;11583;94;1096
5889;La Tour-de-Peilz;3230;26;206
589;Oberried am Brienzersee;128;23;17
5890;Vevey;13400;4;772
5891;Veytaux;201;5;42
5892;Blonay - Saint-Légier;3946;126;681
59;Hochfelden;163;26;213
590;Ringgenberg (BE);537;33;178
5902;Belmont-sur-Yverdon;28;27;12
5903;Bioley-Magnoux;18;21;5
5904;Chamblon;226;0;16
5905;Champvent;93;86;199
5907;Chavannes-le-Chêne;30;16;11
5908;Chêne-Pâquier;17;7;29
5909;Cheseaux-Noréaz;249;25;0
591;Saxeten;12;16;N/A - secret statistique
5910;Cronay;20;50;6
5911;Cuarny;16;23;13
5912;Démoret;36;28;20
5913;Donneloye;57;65;52
5914;Ependes (VD);71;18;26
5919;Mathod;89;45;29
592;Schwanden bei Brienz;63;14;25
5921;Molondin;48;23;19
5922;Montagny-près-Yverdon;1859;9;147
5923;Oppens;105;89;44
5924;Orges;72;21;41
5925;Orzens;23;17;18
5926;Pomy;139;64;51
5928;Rovray;N/A - secret statistique;29;13
5929;Suchy;58;35;39
593;Unterseen;2732;63;576
5930;Suscévaz;13;17;N/A - secret statistique
5931;Treycovagnes;40;4;33
5932;Ursins;7;15;6
5933;Valeyres-sous-Montagny;54;17;38
5934;Valeyres-sous-Ursins;15;15;11
5935;Villars-Epeney;N/A - secret statistique;4;0
5937;Vugelles-La Mothe;14;9;N/A - secret statistique
5938;Yverdon-les-Bains;17914;267;3029
5939;Yvonand;807;43;285
594;Wilderswil;805;45;405
6;Kappel am Albis;212;63;83
60;Höri;618;31;667
6002;Brig-Glis;8839;78;1590
6004;Eggerberg;27;N/A - secret statistique;N/A - secret statistique
6007;Naters;1799;228;470
6008;Ried-Brig;269;76;45
6009;Simplon;75;44;63
6010;Termen;97;46;43
6011;Zwischbergen;26;N/A - secret statistique;N/A - secret statistique
602;Arni (BE);73;129;69
6021;Ardon;667;111;206
6022;Chamoson;625;304;323
6023;Conthey;3081;350;834
6024;Nendaz;1838;265;468
6025;Vétroz;1353;392;580
603;Biglen;485;52;234
6032;Bourg-Saint-Pierre;118;4;0
6033;Liddes;87;49;38
6034;Orsières;746;129;428
6035;Sembrancher;429;33;316
6037;Val de Bagnes;5716;304;1216
605;Bowil;155;126;137
6052;Bellwald;200;8;23
6054;Binn;46;8;8
6056;Ernen;117;29;31
6057;Fiesch;555;26;101
6058;Fieschertal;134;27;40
606;Brenzikofen;75;24;24
6061;Lax;44;17;42
607;Freimettigen;58;27;7
6076;Obergoms;286;50;76
6077;Goms;368;117;170
608;Grosshöchstetten;1312;70;336
6082;Ayent;786;123;264
6083;Evolène;439;149;100
6084;Hérémence;284;68;80
6087;Saint-Martin (VS);121;19;68
6089;Vex;574;39;63
609;Häutligen;22;33;N/A - secret statistique
6090;Mont-Noble;195;18;20
61;Hüntwangen;198;30;117
610;Herbligen;113;45;16
6101;Agarn;105;19;67
6102;Albinen;81;N/A - secret statistique;13
6104;Ergisch;21;23;N/A - secret statistique
6109;Inden;12;N/A - secret statistique;N/A - secret statistique
611;Kiesen;337;33;30
6110;Leuk;1323;195;202
6111;Leukerbad;872;18;55
6112;Oberems;16;15;0
6113;Salgesch;374;293;424
6116;Varen;84;92;7
6117;Guttet-Feschel;78;13;11
6118;Gampel-Bratsch;427;78;206
6119;Turtmann-Unterems;256;105;114
612;Konolfingen;1832;158;1099
613;Landiswil;129;163;33
6131;Bovernier;54;10;12
6133;Fully;1491;812;275
6134;Isérables;109;63;103
6135;Leytron;832;272;245
6136;Martigny;11896;459;2408
6137;Martigny-Combe;489;89;57
6139;Riddes;923;112;289
614;Linden;274;158;132
6140;Saillon;520;189;134
6141;Saxon;1645;362;432
6142;Trient;63;5;5
615;Mirchel;65;52;10
6151;Champéry;733;35;63
6152;Collombey-Muraz;2490;109;927
6153;Monthey;8067;40;3526
6154;Port-Valais;804;41;267
6155;Saint-Gingolph;151;5;32
6156;Troistorrents;718;53;245
6157;Val-d'Illiez;405;88;104
6158;Vionnaz;408;44;577
6159;Vouvry;903;57;744
616;Münsingen;5112;237;1450
617;Niederhünigen;44;41;38
6172;Bister;8;9;0
6173;Bitsch;230;24;80
6177;Grengiols;71;57;29
6181;Riederalp;307;37;13
619;Oberdiessbach;838;132;753
6191;Ausserberg;53;68;4
6192;Blatten;64;14;8
6193;Bürchen;123;41;20
6194;Eischoll;57;27;16
6195;Ferden;52;34;N/A - secret statistique
6197;Kippel;100;12;N/A - secret statistique
6198;Niedergesteln;69;41;32
6199;Raron;525;125;503
62;Kloten;34540;47;3748
620;Oberthal;175;138;58
6201;Unterbäch;87;42;16
6202;Wiler (Lötschen);185;27;22
6203;Mörel-Filet;144;22;129
6204;Steg-Hohtenn;513;31;451
6205;Bettmeralp;683;22;38
6211;Collonges;67;9;37
6212;Dorénaz;112;15;26
6213;Evionnaz;249;19;454
6214;Finhaut;89;6;6
6215;Massongex;275;28;88
6217;Saint-Maurice;1704;35;304
6218;Salvan;281;9;44
6219;Vernayaz;403;10;335
622;Oppligen;72;74;73
6220;Vérossaz;45;27;16
623;Rubigen;819;63;517
6232;Chalais;671;70;294
6235;Chippis;189;59;263
6238;Grône;357;42;110
6239;Icogne;113;16;52
6240;Lens;1549;194;178
6246;Saint-Léonard;425;74;207
6248;Sierre;8850;204;2734
6252;Anniviers;1304;121;315
6253;Crans-Montana;4220;162;653
6254;Noble-Contrée;488;152;135
626;Walkringen;605;183;203
6261;Arbaz;177;22;32
6263;Grimisuat;745;73;90
6265;Savièse;996;288;302
6266;Sion;31635;642;5727
6267;Veysonnaz;276;19;22
627;Worb;2937;199;764
628;Zäziwil;176;81;206
6281;Baltschieder;179;34;33
6282;Eisten;14;13;N/A - secret statistique
6283;Embd;25;41;11
6285;Grächen;435;55;74
6286;Lalden;47;25;73
6287;Randa;41;23;35
6288;Saas-Almagell;128;15;10
6289;Saas-Balen;58;25;44
629;Oberhünigen;20;46;11
6290;Saas-Fee;1424;6;134
6291;Saas-Grund;414;53;43
6292;St. Niklaus;454;118;803
6293;Stalden (VS);184;34;138
6294;Staldenried;59;32;15
6295;Täsch;293;14;13
6296;Törbel;68;92;18
6297;Visp;6904;71;6528
6298;Visperterminen;162;102;281
6299;Zeneggen;31;29;N/A - secret statistique
63;Lufingen;326;20;119
630;Allmendingen;166;45;10
6300;Zermatt;6666;32;676
632;Wichtrach;760;81;341
64;Nürensdorf;945;52;200
6404;Boudry;2482;69;2068
6408;Cortaillod;1002;47;873
6413;Rochefort;167;31;33
6416;Milvignes;2103;113;601
6417;La Grande Béroche;2168;200;880
6421;La Chaux-de-Fonds;15634;254;11383
6422;Les Planchettes;14;25;17
6423;La Sagne;254;80;84
6432;La Brévine;101;145;87
6433;Brot-Plamboz;21;80;28
6434;Le Cerneux-Péquignot;31;55;44
6435;La Chaux-du-Milieu;27;65;26
6436;Le Locle;3058;96;5800
6437;Les Ponts-de-Martel;301;85;151
6451;Cornaux;318;20;468
6452;Cressier (NE);388;25;862
6453;Enges;29;16;4
6454;Hauterive (NE);449;8;232
6455;Le Landeron;804;58;569
6456;Lignières;144;49;49
6458;Neuchâtel;32159;109;5833
6459;Saint-Blaise;1174;31;417
6461;La Tène;3349;34;1428
6487;Val-de-Ruz;4094;358;2514
65;Oberembrach;153;76;36
6504;La Côte-aux-Fées;154;40;92
6511;Les Verrières;99;51;80
6512;Val-de-Travers;2839;294;2634
66;Opfikon;21868;8;3122
6601;Aire-la-Ville;265;18;161
6602;Anières;442;53;28
6603;Avully;156;27;6
6604;Avusy;185;59;44
6605;Bardonnex;491;44;480
6606;Bellevue;1352;7;97
6607;Bernex;2215;318;360
6608;Carouge (GE);23986;27;3568
6609;Cartigny;203;23;38
6610;Céligny;80;25;9
6611;Chancy;128;13;16
6612;Chêne-Bougeries;4860;N/A - secret statistique;338
6613;Chêne-Bourg;2032;6;891
6614;Choulex;118;40;29
6615;Collex-Bossy;178;63;38
6616;Collonge-Bellerive;3759;58;1130
6617;Cologny;2265;11;62
6618;Confignon;1259;16;39
6619;Corsier (GE);277;42;44
662;Ferenbalm;132;83;168
6620;Dardagny;256;117;351
6621;Genève;182727;35;10369
6622;Genthod;449;10;390
6623;Le Grand-Saconnex;11290;N/A - secret statistique;228
6624;Gy;77;37;21
6625;Hermance;209;7;7
6626;Jussy;242;75;59
6627;Laconnex;63;31;9
6628;Lancy;23082;22;2397
6629;Meinier;514;77;350
663;Frauenkappelen;127;48;284
6630;Meyrin;18876;49;5349
6631;Onex;4165;N/A - secret statistique;830
6632;Perly-Certoux;1099;91;463
6633;Plan-les-Ouates;11224;34;8797
6634;Pregny-Chambésy;627;15;26
6635;Presinge;182;20;12
6636;Puplinge;1154;22;74
6637;Russin;71;57;39
6638;Satigny;5494;245;5241
6639;Soral;132;51;11
6640;Thônex;5337;11;1451
6641;Troinex;379;158;124
6642;Vandoeuvres;496;10;56
6643;Vernier;16177;18;6037
6644;Versoix;3819;29;465
6645;Veyrier;2508;31;263
665;Gurbrü;16;43;N/A - secret statistique
666;Kriechenwil;47;50;16
667;Laupen;1130;18;158
668;Mühleberg;540;206;524
669;Münchenwiler;78;32;102
67;Rafz;928;190;487
670;Neuenegg;1230;205;692
6702;Boécourt;94;38;295
6703;Bourrignon;13;57;21
6704;Châtillon (JU);22;30;6
6706;Courchapoix;31;29;85
6708;Courrendlin;582;61;378
6709;Courroux;496;82;431
671;Wileroltigen;34;50;N/A - secret statistique
6710;Courtételle;638;38;496
6711;Delémont;9832;64;3722
6712;Develier;390;48;259
6713;Ederswiler;N/A - secret statistique;18;6
6715;Mervelier;44;31;14
6716;Mettembert;N/A - secret statistique;7;0
6718;Movelier;27;27;28
6719;Pleigne;54;44;28
6721;Rossemaison;122;18;37
6722;Saulcy;23;30;23
6724;Soyhières;82;13;28
6729;Haute-Sorne;1349;166;1939
6730;Val Terbi;540;158;376
6741;Le Bémont (JU);21;67;8
6742;Les Bois;162;106;263
6743;Les Breuleux;292;80;956
6745;Les Enfers;10;42;5
6748;Les Genevez (JU);113;33;215
6750;Lajoux (JU);108;38;66
6751;Montfaucon;98;54;50
6753;Muriaux;56;119;30
6754;Le Noirmont;835;51;1295
6757;Saignelégier;1130;98;683
6758;Saint-Brais;22;56;12
6759;Soubey;9;31;0
6771;Alle;398;69;681
6774;Boncourt;869;44;1021
6778;Bure;116;36;116
6781;Coeuve;81;63;24
6782;Cornol;123;30;210
6783;Courchavon;40;21;117
6784;Courgenay;446;84;508
6785;Courtedoux;72;26;192
6789;Fahy;83;30;28
6790;Fontenais;122;49;90
6792;Grandfontaine;31;37;32
68;Rorbas;402;10;120
6800;Porrentruy;6339;48;1617
6806;Vendlincourt;37;27;201
6807;Basse-Allaine;159;125;186
6808;Clos du Doubs;373;206;125
6809;Haute-Ajoie;153;117;498
681;Belprahon;58;5;50
6810;La Baroche;239;110;59
6811;Damphreux-Lugnez;25;39;20
6812;Basse-Vendline;96;59;256
683;Champoz;14;19;N/A - secret statistique
687;Corcelles (BE);19;16;20
69;Wallisellen;17654;30;2963
690;Court;195;70;376
691;Crémines;171;15;101
692;Eschert;41;18;85
694;Grandval;66;20;N/A - secret statistique
696;Loveresse;188;15;90
7;Knonau;405;50;90
70;Wasterkingen;38;19;12
700;Moutier;2081;42;1505
701;Perrefitte;51;26;12
703;Reconvilier;524;17;339
704;Roches (BE);19;18;9
706;Saicourt;87;61;N/A - secret statistique
707;Saules (BE);10;12;N/A - secret statistique
708;Schelten;N/A - secret statistique;23;0
709;Seehof;N/A - secret statistique;28;N/A - secret statistique
71;Wil (ZH);258;67;186
711;Sorvilier;39;14;13
713;Tavannes;966;54;538
715;Rebévelier;N/A - secret statistique;23;N/A - secret statistique
716;Petit-Val;40;85;29
717;Valbirse;923;61;886
72;Winkel;769;116;83
723;La Neuveville;1115;42;413
724;Nods;70;50;76
726;Plateau de Diesse;262;79;81
731;Aegerten;246;6;143
732;Bellmund;180;26;27
733;Brügg;1813;9;1484
734;Bühl;45;32;7
735;Epsach;28;52;N/A - secret statistique
736;Hagneck;50;16;28
737;Hermrigen;42;22;19
738;Jens;50;28;49
739;Ipsach;537;4;190
740;Ligerz;58;119;12
741;Merzligen;33;10;7
742;Mörigen;129;24;14
743;Nidau;2195;0;632
744;Orpund;436;22;423
745;Port;533;12;494
746;Safnern;267;33;243
747;Scheuren;59;37;26
748;Schwadernau;134;46;19
749;Studen (BE);1186;46;614
750;Sutz-Lattrigen;474;40;130
751;Täuffelen;568;76;492
754;Walperswil;87;163;52
755;Worben;619;74;178
756;Twann-Tüscherz;200;97;46
761;Därstetten;117;114;95
762;Diemtigen;564;300;596
763;Erlenbach im Simmental;419;126;135
766;Oberwil im Simmental;81;159;86
767;Reutigen;154;82;84
768;Spiez;4819;105;1045
769;Wimmis;484;80;833
770;Stocken-Höfen;85;70;30
782;Guttannen;41;43;65
783;Hasliberg;749;122;59
784;Innertkirchen;154;102;343
785;Meiringen;2031;150;580
786;Schattenhalb;505;38;87
791;Boltigen;160;205;85
792;Lenk;1133;275;348
793;St. Stephan;198;232;183
794;Zweisimmen;1366;222;287
8;Maschwanden;78;49;54
81;Bachs;124;70;45
82;Boppelsen;148;163;12
83;Buchs (ZH);2208;198;291
84;Dällikon;1491;69;1307
841;Gsteig;219;96;90
842;Lauenen;245;160;83
843;Saanen;5086;454;1391
85;Dänikon;179;56;179
852;Guggisberg;206;271;80
853;Rüschegg;208;151;100
855;Schwarzenburg;1753;519;975
86;Dielsdorf;3912;25;704
861;Belp;3847;256;1268
863;Burgistein;106;97;104
866;Gerzensee;211;84;35
867;Gurzelen;47;81;22
868;Jaberg;20;17;49
869;Kaufdorf;107;20;44
87;Hüttikon;67;16;25
870;Kehrsatz;868;39;177
872;Kirchdorf (BE);229;242;102
877;Niedermuhlern;60;93;11
879;Riggisberg;1399;194;294
88;Neerach;563;34;68
880;Rüeggisberg;225;282;80
883;Seftigen;466;118;231
884;Toffen;414;36;49
885;Uttigen;210;46;95
886;Wattenwil;749;93;204
888;Wald (BE);446;146;36
889;Thurnen;181;80;80
89;Niederglatt;1374;41;360
9;Mettmenstetten;1048;152;559
90;Niederhasli;1592;56;832
901;Eggiwil;464;479;362
902;Langnau im Emmental;4429;449;1308
903;Lauperswil;571;234;521
904;Röthenbach im Emmental;192;273;150
905;Rüderswil;354;206;224
906;Schangnau;233;222;110
907;Signau;316;277;427
908;Trub;144;330;162
909;Trubschachen;228;127;641
91;Niederweningen;494;50;357
92;Oberglatt;973;19;1042
921;Amsoldingen;61;33;27
922;Blumenstein;141;58;139
923;Buchholterberg;240;174;69
924;Eriz;74;93;19
925;Fahrni;96;98;30
927;Heiligenschwendi;569;46;14
928;Heimberg;1696;25;679
929;Hilterfingen;834;7;135
93;Oberweningen;191;31;36
931;Homberg;72;87;20
932;Horrenbach-Buchen;16;58;31
934;Oberhofen am Thunersee;731;25;70
935;Oberlangenegg;121;95;59
936;Pohlern;25;25;12
938;Sigriswil;1420;275;182
939;Steffisburg;4488;137;1730
94;Otelfingen;1809;93;511
940;Teuffenthal (BE);31;30;N/A - secret statistique
941;Thierachern;330;74;73
942;Thun;22793;77;5906
943;Uebeschi;103;75;56
944;Uetendorf;2133;117;1307
945;Unterlangenegg;158;95;94
946;Wachseldorn;19;58;N/A - secret statistique
948;Forst-Längenbühl;72;68;35
95;Regensberg;285;19;8
951;Affoltern im Emmental;183;150;160
952;Dürrenroth;188;173;72
953;Eriswil;152;158;71
954;Huttwil;1727;193;1327
955;Lützelflüh;657;321;603
956;Rüegsau;658;174;469
957;Sumiswald;1403;445;1137
958;Trachselwald;143;175;46
959;Walterswil (BE);42;120;45
96;Regensdorf;7745;109;2334
960;Wyssachen;136;150;302
97;Rümlang;4648;87;1970
971;Attiswil;297;62;56
972;Berken;20;14;9
973;Bettenhausen;37;40;33
975;Farnern;41;19;N/A - secret statistique
976;Graben;42;22;N/A - secret statistique
977;Heimenhausen;90;38;61
979;Herzogenbuchsee;2692;31;1450
98;Schleinikon;59;39;38
980;Inkwil;42;15;71
981;Niederbipp;2402;276;628
982;Niederönz;175;19;740
983;Oberbipp;599;40;243
985;Ochlenberg;36;144;9
987;Rumisberg;44;25;11
988;Seeberg;238;157;88
989;Thörigen;172;46;153
99;Schöfflisdorf;296;17;19
990;Walliswil bei Niederbipp;46;12;28
991;Walliswil bei Wangen;86;21;9
992;Wangen an der Aare;861;71;280
995;Wiedlisbach;865;96;363