Swiss Stats Map Explorer; ; ; 
Référentiel géographique : Communes 01.01.2024; ; ; 
Code;Libellé;Nombre de bénéficiaires de l'aide sociale 2022;Nombre de bénéficiaires de l'aide sociale 2022 - estimation (*=oui);Taux d'aide sociale 2022;Taux d'aide sociale 2022 - estimation (*=oui)
1;Aeugst am Albis;17;;0.9;
10;Obfelden;136;;2.4;
100;Stadel;31;;1.3;
1001;Doppleschwand;N/A - secret statistique;;N/A - secret statistique;
1002;Entlebuch;25;;0.8;
1004;Flühli;12;;0.7;
1005;Hasle (LU);16;;0.9;
1007;Romoos;N/A - secret statistique;;N/A - secret statistique;
1008;Schüpfheim;98;;2.3;
1009;Werthenstein;24;;1.1;
101;Steinmaur;25;;0.7;
1010;Escholzmatt-Marbach;69;;1.6;
102;Weiach;34;;1.7;
1021;Aesch (LU);18;;1.4;
1023;Ballwil;17;;0.6;
1024;Emmen;1091;;3.5;
1025;Ermensee;N/A - secret statistique;;N/A - secret statistique;
1026;Eschenbach (LU);25;;0.7;
1030;Hitzkirch;108;;1.8;
1031;Hochdorf;219;;2.2;
1032;Hohenrain;11;;0.5;
1033;Inwil;27;;0.9;
1037;Rain;19;;0.6;
1039;Römerswil;10;;0.6;
1040;Rothenburg;90;;1.2;
1041;Schongau;7;;0.7;
1051;Adligenswil;57;;1;
1052;Buchrain;184;;2.8;
1053;Dierikon;42;;2.6;
1054;Ebikon;429;;3;
1055;Gisikon;26;;1.8;
1056;Greppen;11;;0.9;
1057;Honau;N/A - secret statistique;;N/A - secret statistique;
1058;Horw;371;;2.5;
1059;Kriens;982;;3.4;
1061;Luzern;3692;;4.5;
1062;Malters;142;;1.9;
1063;Meggen;45;;0.6;
1064;Meierskappel;8;;0.5;
1065;Root;145;;2.7;
1066;Schwarzenberg;N/A - secret statistique;;N/A - secret statistique;
1067;Udligenswil;6;;0.3;
1068;Vitznau;7;;0.5;
1069;Weggis;46;;1;
1081;Beromünster;93;;1.4;
1082;Büron;48;;1.8;
1083;Buttisholz;31;;0.9;
1084;Eich;N/A - secret statistique;;N/A - secret statistique;
1085;Geuensee;50;;1.7;
1086;Grosswangen;55;;1.7;
1088;Hildisrieden;14;;0.6;
1089;Knutwil;17;;0.7;
1091;Mauensee;12;;0.8;
1093;Neuenkirch;72;;1;
1094;Nottwil;42;;1;
1095;Oberkirch;48;;1;
1097;Rickenbach (LU);70;;2;
1098;Ruswil;169;;2.4;
1099;Schenkon;N/A - secret statistique;;N/A - secret statistique;
11;Ottenbach;59;;2.1;
1100;Schlierbach;N/A;;N/A;
1102;Sempach;13;;0.3;
1103;Sursee;271;;2.6;
1104;Triengen;85;;1.8;
1107;Wolhusen;160;;3.7;
111;Bäretswil;58;;1.2;
112;Bubikon;63;;0.9;
1121;Alberswil;N/A - secret statistique;;N/A - secret statistique;
1122;Altbüron;15;;1.4;
1123;Altishofen;26;;1.3;
1125;Dagmersellen;59;;1;
1127;Egolzwil;25;;1.6;
1128;Ettiswil;44;;1.6;
1129;Fischbach;12;;1.7;
113;Dürnten;181;;2.4;
1131;Grossdietwil;12;;1.4;
1132;Hergiswil bei Willisau;14;;0.7;
1135;Luthern;7;;0.6;
1136;Menznau;41;;1.4;
1137;Nebikon;37;;1.3;
1139;Pfaffnau;46;;1.7;
114;Fischenthal;41;;1.6;
1140;Reiden;106;;1.4;
1142;Roggliswil;N/A - secret statistique;;N/A - secret statistique;
1143;Schötz;105;;2.3;
1145;Ufhusen;9;;1;
1146;Wauwil;25;;1;
1147;Wikon;30;;2;
115;Gossau (ZH);146;;1.4;
1150;Zell (LU);59;;2.8;
1151;Willisau;241;;2.7;
116;Grüningen;48;;1.3;
117;Hinwil;257;;2.2;
118;Rüti (ZH);442;;3.5;
119;Seegräben;26;;1.8;
12;Rifferswil;12;;1;
120;Wald (ZH);245;;2.4;
1201;Altdorf (UR);164;;1.7;
1202;Andermatt;N/A - secret statistique;;N/A - secret statistique;
1203;Attinghausen;N/A - secret statistique;;N/A - secret statistique;
1205;Bürglen (UR);43;;1.1;
1206;Erstfeld;80;;2.1;
1207;Flüelen;26;;1.3;
1208;Göschenen;N/A;;N/A;
1209;Gurtnellen;N/A - secret statistique;;N/A - secret statistique;
121;Wetzikon (ZH);774;;3;
1210;Hospental;N/A - secret statistique;;N/A - secret statistique;
1211;Isenthal;N/A;;N/A;
1212;Realp;N/A - secret statistique;;N/A - secret statistique;
1213;Schattdorf;65;;1.2;
1214;Seedorf (UR);N/A - secret statistique;;N/A - secret statistique;
1215;Seelisberg;N/A - secret statistique;;N/A - secret statistique;
1216;Silenen;6;;0.3;
1217;Sisikon;9;;2.3;
1218;Spiringen;N/A - secret statistique;;N/A - secret statistique;
1219;Unterschächen;N/A;;N/A;
1220;Wassen;N/A - secret statistique;;N/A - secret statistique;
13;Stallikon;37;;1;
1301;Einsiedeln;224;;1.4;
131;Adliswil;523;;2.7;
1311;Gersau;16;;0.7;
1321;Feusisberg;35;;0.6;
1322;Freienbach;161;;1;
1323;Wollerau;101;;1.4;
1331;Küssnacht (SZ);205;;1.5;
1341;Altendorf;59;;0.8;
1342;Galgenen;38;;0.7;
1343;Innerthal;N/A - secret statistique;;N/A - secret statistique;
1344;Lachen;198;;2.1;
1345;Reichenburg;38;;1;
1346;Schübelbach;227;;2.4;
1347;Tuggen;59;;1.8;
1348;Vorderthal;N/A - secret statistique;;N/A - secret statistique;
1349;Wangen (SZ);61;;1.1;
135;Kilchberg (ZH);105;;1.1;
136;Langnau am Albis;173;;2.2;
1361;Alpthal;8;;1.3;
1362;Arth;214;;1.7;
1363;Illgau;N/A - secret statistique;;N/A - secret statistique;
1364;Ingenbohl;163;;1.8;
1365;Lauerz;9;;0.8;
1366;Morschach;16;;1.3;
1367;Muotathal;34;;1;
1368;Oberiberg;6;;0.7;
1369;Riemenstalden;N/A;;N/A;
137;Oberrieden;66;;1.3;
1370;Rothenthurm;22;;0.9;
1371;Sattel;7;;0.4;
1372;Schwyz;314;;2;
1373;Steinen;35;;1;
1374;Steinerberg;6;;0.6;
1375;Unteriberg;21;;0.9;
138;Richterswil;375;;2.7;
139;Rüschlikon;68;;1.1;
14;Wettswil am Albis;52;;1;
1401;Alpnach;52;;0.8;
1402;Engelberg;31;;0.7;
1403;Giswil;32;;0.8;
1404;Kerns;58;;0.9;
1405;Lungern;24;;1.2;
1406;Sachseln;56;;1.1;
1407;Sarnen;122;;1.1;
141;Thalwil;333;;1.8;
1501;Beckenried;32;;0.9;
1502;Buochs;63;;1.2;
1503;Dallenwil;17;;0.9;
1504;Emmetten;11;;0.7;
1505;Ennetbürgen;64;;1.3;
1506;Ennetmoos;13;;0.6;
1507;Hergiswil (NW);43;;0.7;
1508;Oberdorf (NW);21;;0.7;
1509;Stans;92;;1.1;
151;Erlenbach (ZH);66;;1.2;
1510;Stansstad;49;;1;
1511;Wolfenschiessen;24;;1.1;
152;Herrliberg;74;;1.1;
153;Hombrechtikon;190;;2.2;
154;Küsnacht (ZH);238;;1.6;
155;Männedorf;185;;1.6;
156;Meilen;250;;1.7;
157;Oetwil am See;132;;2.7;
158;Stäfa;232;;1.6;
159;Uetikon am See;95;;1.5;
160;Zumikon;53;;0.9;
161;Zollikon;187;;1.4;
1630;Glarus Nord;277;;1.4;
1631;Glarus Süd;194;;2;
1632;Glarus;215;;1.7;
1701;Baar;434;;1.8;
1702;Cham;285;;1.7;
1703;Hünenberg;99;;1.1;
1704;Menzingen;78;;1.7;
1705;Neuheim;32;;1.4;
1706;Oberägeri;89;;1.4;
1707;Risch;161;;1.4;
1708;Steinhausen;133;;1.3;
1709;Unterägeri;126;;1.4;
1710;Walchwil;36;;0.9;
1711;Zug;462;;1.5;
172;Fehraltorf;88;;1.3;
173;Hittnau;32;;0.8;
176;Lindau;87;;1.6;
177;Pfäffikon;227;;1.8;
178;Russikon;48;;1.1;
180;Weisslingen;76;;2.2;
181;Wila;50;;2.5;
182;Wildberg;9;;0.9;
191;Dübendorf;550;;1.8;
192;Egg;114;;1.3;
193;Fällanden;206;;2.2;
194;Greifensee;85;;1.6;
195;Maur;173;;1.6;
196;Mönchaltorf;39;;0.9;
197;Schwerzenbach;95;;1.9;
198;Uster;589;;1.7;
199;Volketswil;322;;1.7;
2;Affoltern am Albis;307;;2.5;
200;Wangen-Brüttisellen;190;;2.4;
2008;Châtillon (FR);N/A - secret statistique;;N/A - secret statistique;
2011;Cugy (FR);13;;0.7;
2016;Fétigny;10;;0.9;
2022;Gletterens;N/A - secret statistique;;N/A - secret statistique;
2025;Lully (FR);16;;1.3;
2027;Ménières;N/A - secret statistique;;N/A - secret statistique;
2029;Montagny (FR);30;;1;
2035;Nuvilly;17;;3.7;
2038;Prévondavaux;6;;6.4;
2041;Saint-Aubin (FR);29;;1.6;
2043;Sévaz;N/A - secret statistique;;N/A - secret statistique;
2044;Surpierre;21;;1.7;
2045;Vallon;9;;1.8;
2050;Les Montets;11;;0.7;
2051;Delley-Portalban;10;;0.8;
2053;Belmont-Broye;124;;2.2;
2054;Estavayer;178;;1.8;
2055;Cheyres-Châbles;N/A - secret statistique;;N/A - secret statistique;
2061;Auboranges;N/A;;N/A;
2063;Billens-Hennens;19;;2.2;
2066;Chapelle (Glâne);N/A - secret statistique;;N/A - secret statistique;
2067;Le Châtelard;N/A;;N/A;
2068;Châtonnaye;11;;1.3;
2072;Ecublens (FR);N/A - secret statistique;;N/A - secret statistique;
2079;Grangettes;6;;2.7;
2086;Massonnens;N/A;;N/A;
2087;Mézières (FR);12;;1.1;
2089;Montet (Glâne);N/A - secret statistique;;N/A - secret statistique;
2096;Romont (FR);209;;3.8;
2097;Rue;12;;0.8;
2099;Siviriez;24;;1;
2102;Ursy;13;;0.4;
211;Altikon;N/A - secret statistique;;N/A - secret statistique;
2113;Vuisternens-devant-Romont;15;;0.6;
2114;Villorsonnens;9;;0.6;
2115;Torny;13;;1.2;
2117;Villaz;33;;1.4;
2121;Haut-Intyamon;30;;1.8;
2122;Pont-en-Ogoz;17;;0.9;
2123;Botterens;8;;1.1;
2124;Broc;77;;2.8;
2125;Bulle;862;;3.4;
2128;Châtel-sur-Montsalvens;N/A - secret statistique;;N/A - secret statistique;
2129;Corbières;10;;1;
213;Brütten;10;;0.5;
2130;Crésuz;N/A;;N/A;
2131;Echarlens;8;;0.9;
2134;Grandvillard;12;;1.4;
2135;Gruyères;30;;1.3;
2137;Hauteville;N/A - secret statistique;;N/A - secret statistique;
2138;Jaun;N/A;;N/A;
214;Dägerlen;N/A - secret statistique;;N/A - secret statistique;
2140;Marsens;13;;0.6;
2143;Morlon;N/A - secret statistique;;N/A - secret statistique;
2145;Le Pâquier (FR);N/A - secret statistique;;N/A - secret statistique;
2147;Pont-la-Ville;N/A - secret statistique;;N/A - secret statistique;
2148;Riaz;23;;0.8;
2149;La Roche;14;;0.8;
215;Dättlikon;N/A;;N/A;
2152;Sâles;13;;0.9;
2153;Sorens;9;;0.8;
2155;Vaulruz;7;;0.6;
216;Dinhard;13;;0.8;
2160;Vuadens;54;;2.2;
2162;Bas-Intyamon;26;;1.6;
2163;Val-de-Charmey;29;;1.1;
2173;Autigny;11;;1.4;
2174;Avry;71;;3.7;
2175;Belfaux;52;;1.5;
2177;Chénens;6;;0.7;
218;Ellikon an der Thur;13;;1.3;
2183;Corminboeuf;10;;0.3;
2186;Cottens (FR);28;;1.9;
219;Elsau;70;;1.9;
2194;Ferpicloz;N/A;;N/A;
2196;Fribourg;1552;;4.1;
2197;Givisiez;78;;2.5;
2198;Granges-Paccot;187;;4.9;
22;Benken (ZH);12;;1.4;
220;Hagenbuch;21;;1.9;
2200;Grolley;50;;2.4;
2206;Marly;428;;5.2;
2208;Matran;18;;1.1;
221;Hettlingen;29;;0.9;
2211;Neyruz (FR);14;;0.5;
2216;Pierrafortscha;N/A;;N/A;
2217;Ponthaux;7;;0.9;
2220;Le Mouret;54;;1.7;
2226;Treyvaux;12;;0.8;
2228;Villars-sur-Glâne;562;;4.6;
223;Neftenbach;67;;1.2;
2230;Villarsel-sur-Marly;N/A - secret statistique;;N/A - secret statistique;
2233;Hauterive (FR);123;;4.6;
2234;La Brillaz;27;;1.3;
2235;La Sonnaz;8;;0.6;
2236;Gibloux;115;;1.5;
2237;Prez;25;;1;
2238;Bois-d'Amont;24;;1;
224;Pfungen;76;;1.9;
225;Rickenbach (ZH);31;;1.1;
2250;Courgevaux;15;;1.1;
2254;Courtepin;97;;1.8;
2257;Cressier (FR);N/A - secret statistique;;N/A - secret statistique;
2258;Fräschels;N/A - secret statistique;;N/A - secret statistique;
226;Schlatt (ZH);18;;2.3;
2261;Greng;N/A;;N/A;
2262;Gurmels;22;;0.5;
2265;Kerzers;57;;1.1;
2266;Kleinbösingen;N/A;;N/A;
227;Seuzach;108;;1.4;
2271;Meyriez;N/A - secret statistique;;N/A - secret statistique;
2272;Misery-Courtion;28;;1.2;
2274;Muntelier;N/A;;N/A;
2275;Murten;168;;1.8;
2276;Ried bei Kerzers;N/A - secret statistique;;N/A - secret statistique;
2278;Ulmiz;N/A - secret statistique;;N/A - secret statistique;
228;Turbenthal;186;;3.7;
2284;Mont-Vully;24;;0.6;
2292;Brünisried;N/A - secret statistique;;N/A - secret statistique;
2293;Düdingen;172;;2;
2294;Giffers;30;;1.8;
2295;Bösingen;35;;1;
2296;Heitenried;N/A - secret statistique;;N/A - secret statistique;
2299;Plaffeien;47;;1.3;
23;Berg am Irchel;12;;2;
230;Winterthur;5784;;5;
2300;Plasselb;19;;1.9;
2301;Rechthalten;12;;1.1;
2303;St. Silvester;7;;0.7;
2304;St. Ursen;17;;1.2;
2305;Schmitten (FR);69;;1.7;
2306;Tafers;91;;1.2;
2307;Tentlingen;23;;1.7;
2308;Ueberstorf;6;;0.3;
2309;Wünnewil-Flamatt;121;;2.2;
231;Zell (ZH);185;;2.9;
2321;Attalens;31;;0.9;
2323;Bossonnens;13;;0.8;
2325;Châtel-Saint-Denis;116;;1.5;
2328;Granges (Veveyse);8;;0.9;
2333;Remaufens;8;;0.6;
2335;Saint-Martin (FR);N/A - secret statistique;;N/A - secret statistique;
2336;Semsales;9;;0.6;
2337;Le Flon;8;;0.7;
2338;La Verrerie;23;;1.8;
24;Buch am Irchel;8;;0.8;
2401;Egerkingen;156;;3.7;
2402;Härkingen;21;;1.2;
2403;Kestenholz;19;;1;
2404;Neuendorf;37;;1.6;
2405;Niederbuchsiten;20;;1.6;
2406;Oberbuchsiten;82;;3.6;
2407;Oensingen;267;;4.2;
2408;Wolfwil;40;;1.7;
241;Aesch (ZH);8;;0.5;
242;Birmensdorf (ZH);126;;1.8;
2421;Aedermannsdorf;6;;1;
2422;Balsthal;288;;4.6;
2424;Herbetswil;N/A - secret statistique;;N/A - secret statistique;
2425;Holderbank (SO);20;;2.8;
2426;Laupersdorf;24;;1.3;
2427;Matzendorf;18;;1.3;
2428;Mümliswil-Ramiswil;44;;1.9;
243;Dietikon;1225;;4.4;
2430;Welschenrohr-Gänsbrunnen;29;;2.5;
244;Geroldswil;137;;2.7;
2445;Biezwil;N/A - secret statistique;;N/A - secret statistique;
245;Oberengstringen;268;;4;
2455;Lüterkofen-Ichertswil;N/A - secret statistique;;N/A - secret statistique;
2457;Messen;13;;0.9;
246;Oetwil an der Limmat;46;;1.8;
2461;Schnottwil;9;;0.8;
2463;Unterramsern;N/A - secret statistique;;N/A - secret statistique;
2464;Lüsslingen-Nennigkofen;N/A - secret statistique;;N/A - secret statistique;
2465;Buchegg;10;;0.4;
247;Schlieren;813;;4.1;
2471;Bättwil;28;;2.4;
2472;Büren (SO);20;;1.9;
2473;Dornach;208;;3;
2474;Gempen;15;;1.7;
2475;Hochwald;17;;1.4;
2476;Hofstetten-Flüh;42;;1.3;
2477;Metzerlen-Mariastein;7;;0.7;
2478;Nuglar-St. Pantaleon;24;;1.6;
2479;Rodersdorf;19;;1.4;
248;Uitikon;30;;0.6;
2480;Seewen;21;;2;
2481;Witterswil;8;;0.5;
249;Unterengstringen;104;;2.5;
2491;Hauenstein-Ifenthal;N/A;;N/A;
2492;Kienberg;8;;1.6;
2493;Lostorf;62;;1.5;
2495;Niedergösgen;143;;3.5;
2497;Obergösgen;94;;3.9;
2499;Stüsslingen;N/A - secret statistique;;N/A - secret statistique;
25;Dachsen;31;;1.6;
250;Urdorf;157;;1.5;
2500;Trimbach;553;;8.4;
2501;Winznau;52;;2.7;
2502;Wisen (SO);N/A - secret statistique;;N/A - secret statistique;
2503;Erlinsbach (SO);128;;3.6;
251;Weiningen (ZH);121;;2.5;
2511;Aeschi (SO);20;;1.5;
2513;Biberist;414;;4.5;
2514;Bolken;8;;1.4;
2516;Deitingen;39;;1.7;
2517;Derendingen;342;;5.1;
2518;Etziken;19;;1.9;
2519;Gerlafingen;356;;6.4;
2520;Halten;17;;2;
2523;Horriwil;16;;1.8;
2524;Hüniken;N/A;;N/A;
2525;Kriegstetten;19;;1.4;
2526;Lohn-Ammannsegg;14;;0.5;
2527;Luterbach;91;;2.5;
2528;Obergerlafingen;28;;2.3;
2529;Oekingen;8;;0.9;
2530;Recherswil;30;;1.4;
2532;Subingen;90;;2.8;
2534;Zuchwil;527;;5.7;
2535;Drei Höfe;N/A - secret statistique;;N/A - secret statistique;
2541;Balm bei Günsberg;N/A - secret statistique;;N/A - secret statistique;
2542;Bellach;203;;3.8;
2543;Bettlach;134;;2.7;
2544;Feldbrunnen-St. Niklaus;N/A - secret statistique;;N/A - secret statistique;
2545;Flumenthal;27;;2.6;
2546;Grenchen;1009;;5.7;
2547;Günsberg;15;;1.3;
2548;Hubersdorf;8;;1.1;
2549;Kammersrohr;N/A;;N/A;
2550;Langendorf;76;;2;
2551;Lommiswil;11;;0.7;
2553;Oberdorf (SO);24;;1.3;
2554;Riedholz;21;;0.9;
2555;Rüttenen;32;;2.1;
2556;Selzach;61;;1.7;
2571;Boningen;14;;1.8;
2572;Däniken;62;;2.1;
2573;Dulliken;230;;4.4;
2574;Eppenberg-Wöschnau;13;;4.1;
2575;Fulenbach;35;;2;
2576;Gretzenbach;74;;2.7;
2578;Gunzgen;37;;2.2;
2579;Hägendorf;135;;2.6;
2580;Kappel (SO);130;;3.8;
2581;Olten;943;;5.1;
2582;Rickenbach (SO);22;;2;
2583;Schönenwerd;232;;4.5;
2584;Starrkirch-Wil;28;;1.5;
2585;Walterswil (SO);7;;0.9;
2586;Wangen bei Olten;185;;3.5;
26;Dorf;N/A - secret statistique;;N/A - secret statistique;
2601;Solothurn;500;;3;
261;Zürich;17253;;4.1;
2611;Bärschwil;16;;2;
2612;Beinwil (SO);N/A;;N/A;
2613;Breitenbach;154;;3.8;
2614;Büsserach;60;;2.6;
2615;Erschwil;27;;2.9;
2616;Fehren;11;;1.9;
2617;Grindel;13;;2.6;
2618;Himmelried;12;;1.3;
2619;Kleinlützel;42;;3.5;
2620;Meltingen;6;;0.9;
2621;Nunningen;31;;1.6;
2622;Zullwil;22;;3.4;
27;Feuerthalen;93;;2.5;
2701;Basel;9227;;5.3;
2702;Bettingen;19;;1.6;
2703;Riehen;560;;2.6;
2761;Aesch (BL);113;;1.1;
2762;Allschwil;674;;3.1;
2763;Arlesheim;166;;1.8;
2764;Biel-Benken;15;;0.4;
2765;Binningen;511;;3.3;
2766;Birsfelden;321;;3.1;
2767;Bottmingen;143;;2.1;
2768;Ettingen;95;;1.7;
2769;Münchenstein;528;;4.4;
2770;Muttenz;589;;3.3;
2771;Oberwil (BL);296;;2.7;
2772;Pfeffingen;N/A - secret statistique;;N/A - secret statistique;
2773;Reinach (BL);607;;3.1;
2774;Schönenbuch;N/A - secret statistique;;N/A - secret statistique;
2775;Therwil;166;;1.7;
2781;Blauen;14;;2;
2782;Brislach;36;;2.1;
2783;Burg im Leimental;N/A - secret statistique;;N/A - secret statistique;
2784;Dittingen;11;;1.5;
2785;Duggingen;8;;0.5;
2786;Grellingen;91;;4.8;
2787;Laufen;264;;4.6;
2788;Liesberg;35;;3.2;
2789;Nenzlingen;N/A - secret statistique;;N/A - secret statistique;
2790;Roggenburg;N/A - secret statistique;;N/A - secret statistique;
2791;Röschenz;32;;1.7;
2792;Wahlen;22;;1.4;
2793;Zwingen;82;;3.2;
28;Flaach;8;;0.6;
2821;Arisdorf;12;;0.7;
2822;Augst;24;;2.3;
2823;Bubendorf;88;;2;
2824;Frenkendorf;172;;2.7;
2825;Füllinsdorf;121;;2.6;
2826;Giebenach;N/A - secret statistique;;N/A - secret statistique;
2827;Hersberg;N/A - secret statistique;;N/A - secret statistique;
2828;Lausen;180;;3.1;
2829;Liestal;649;;4.3;
2830;Lupsingen;N/A - secret statistique;;N/A - secret statistique;
2831;Pratteln;671;;4.1;
2832;Ramlinsburg;N/A - secret statistique;;N/A - secret statistique;
2833;Seltisberg;N/A - secret statistique;;N/A - secret statistique;
2834;Ziefen;11;;0.7;
2841;Anwil;N/A - secret statistique;;N/A - secret statistique;
2842;Böckten;12;;1.5;
2843;Buckten;17;;2.4;
2844;Buus;N/A - secret statistique;;N/A - secret statistique;
2845;Diepflingen;15;;2;
2846;Gelterkinden;199;;3.2;
2847;Häfelfingen;N/A;;N/A;
2848;Hemmiken;N/A;;N/A;
2849;Itingen;56;;2.4;
2850;Känerkinden;N/A - secret statistique;;N/A - secret statistique;
2851;Kilchberg (BL);N/A;;N/A;
2852;Läufelfingen;14;;1.1;
2853;Maisprach;12;;1.3;
2854;Nusshof;N/A;;N/A;
2855;Oltingen;8;;1.6;
2856;Ormalingen;32;;1.4;
2857;Rickenbach (BL);9;;1.5;
2858;Rothenfluh;N/A - secret statistique;;N/A - secret statistique;
2859;Rümlingen;14;;3.2;
2860;Rünenberg;7;;0.9;
2861;Sissach;94;;1.4;
2862;Tecknau;33;;4.1;
2863;Tenniken;N/A - secret statistique;;N/A - secret statistique;
2864;Thürnen;12;;0.9;
2865;Wenslingen;N/A - secret statistique;;N/A - secret statistique;
2866;Wintersingen;11;;1.7;
2867;Wittinsburg;N/A;;N/A;
2868;Zeglingen;N/A - secret statistique;;N/A - secret statistique;
2869;Zunzgen;48;;1.8;
2881;Arboldswil;N/A;;N/A;
2882;Bennwil;11;;1.7;
2883;Bretzwil;N/A - secret statistique;;N/A - secret statistique;
2884;Diegten;14;;0.8;
2885;Eptingen;N/A - secret statistique;;N/A - secret statistique;
2886;Hölstein;52;;2;
2887;Lampenberg;N/A - secret statistique;;N/A - secret statistique;
2888;Langenbruck;11;;1.2;
2889;Lauwil;N/A;;N/A;
2890;Liedertswil;N/A;;N/A;
2891;Niederdorf;69;;3.8;
2892;Oberdorf (BL);109;;4.4;
2893;Reigoldswil;23;;1.5;
2894;Titterten;9;;2.1;
2895;Waldenburg;47;;4.2;
29;Flurlingen;8;;0.5;
2901;Gächlingen;14;;1.5;
2903;Löhningen;25;;1.6;
2904;Neunkirch;59;;2.4;
291;Andelfingen;58;;1.7;
2914;Büttenhardt;N/A;;N/A;
2915;Dörflingen;N/A - secret statistique;;N/A - secret statistique;
2917;Lohn (SH);7;;0.9;
2919;Stetten (SH);N/A - secret statistique;;N/A - secret statistique;
292;Stammheim;9;;0.3;
2920;Thayngen;42;;0.7;
293;Wädenswil;552;;2.2;
2931;Bargen (SH);N/A - secret statistique;;N/A - secret statistique;
2932;Beringen;80;;1.6;
2933;Buchberg;N/A;;N/A;
2936;Merishausen;N/A - secret statistique;;N/A - secret statistique;
2937;Neuhausen am Rheinfall;502;;4.8;
2938;Rüdlingen;N/A - secret statistique;;N/A - secret statistique;
2939;Schaffhausen;1569;;4.2;
294;Elgg;90;;1.8;
295;Horgen;559;;2.4;
2951;Beggingen;15;;3.2;
2952;Schleitheim;30;;1.8;
2953;Siblingen;15;;1.7;
296;Illnau-Effretikon;475;;2.7;
2961;Buch (SH);6;;2;
2962;Hemishofen;N/A - secret statistique;;N/A - secret statistique;
2963;Ramsen;34;;2.2;
2964;Stein am Rhein;75;;2.1;
297;Bauma;62;;1.3;
2971;Hallau;32;;1.4;
2972;Oberhallau;N/A - secret statistique;;N/A - secret statistique;
2973;Trasadingen;13;;2;
2974;Wilchingen;25;;1.5;
298;Wiesendangen;86;;1.3;
3;Bonstetten;49;;0.9;
3001;Herisau;614;;3.9;
3002;Hundwil;6;;0.6;
3003;Schönengrund;7;;1.3;
3004;Schwellbrunn;12;;0.8;
3005;Stein (AR);N/A - secret statistique;;N/A - secret statistique;
3006;Urnäsch;38;;1.7;
3007;Waldstatt;23;;1.3;
301;Aarberg;125;;2.7;
302;Bargen (BE);15;;1.4;
3021;Bühler;25;;1.3;
3022;Gais;31;;1;
3023;Speicher;59;;1.3;
3024;Teufen (AR);90;;1.4;
3025;Trogen;49;;2.6;
303;Grossaffoltern;40;;1.3;
3031;Grub (AR);28;;2.8;
3032;Heiden;57;;1.3;
3033;Lutzenberg;23;;1.8;
3034;Rehetobel;16;;0.9;
3035;Reute (AR);N/A - secret statistique;;N/A - secret statistique;
3036;Wald (AR);8;;0.9;
3037;Walzenhausen;16;;0.8;
3038;Wolfhalden;20;;1.1;
304;Kallnach;30;;1.3;
305;Kappelen;20;;1.4;
306;Lyss;765;;4.8;
307;Meikirch;44;;1.7;
309;Radelfingen;18;;1.4;
31;Henggart;24;;1;
310;Rapperswil (BE);24;;0.9;
3101;Appenzell;115;;2;
3102;Gonten;12;;0.8;
3104;Schlatt-Haslen;N/A;;N/A;
311;Schüpfen;103;;2.7;
3111;Oberegg;10;;0.5;
3112;Schwende-Rüte;13;;0.2;
312;Seedorf (BE);47;;1.5;
3201;Häggenschwil;N/A - secret statistique;;N/A - secret statistique;
3202;Muolen;12;;1;
3203;St. Gallen;3248;;4.3;
3204;Wittenbach;342;;3.5;
321;Aarwangen;163;;3.5;
3211;Berg (SG);N/A;;N/A;
3212;Eggersriet;17;;0.7;
3213;Goldach;171;;1.8;
3214;Mörschwil;6;;0.2;
3215;Rorschach;286;;3;
3216;Rorschacherberg;109;;1.4;
3217;Steinach;56;;1.6;
3218;Tübach;N/A - secret statistique;;N/A - secret statistique;
3219;Untereggen;6;;0.6;
322;Auswil;N/A - secret statistique;;N/A - secret statistique;
323;Bannwil;15;;2.2;
3231;Au (SG);151;;1.9;
3232;Balgach;35;;0.7;
3233;Berneck;42;;1.1;
3234;Diepoldsau;54;;0.8;
3235;Rheineck;75;;2.2;
3236;St. Margrethen;107;;1.8;
3237;Thal;63;;0.9;
3238;Widnau;114;;1.1;
324;Bleienbach;11;;1.5;
325;Busswil bei Melchnau;N/A;;N/A;
3251;Altstätten;129;;1.1;
3252;Eichberg;6;;0.4;
3253;Marbach (SG);6;;0.3;
3254;Oberriet (SG);29;;0.3;
3255;Rebstein;80;;1.7;
3256;Rüthi (SG);6;;0.2;
326;Gondiswil;6;;0.8;
3271;Buchs (SG);141;;1.1;
3272;Gams;30;;0.8;
3273;Grabs;83;;1.1;
3274;Sennwald;52;;0.9;
3275;Sevelen;120;;2.3;
3276;Wartau;84;;1.6;
329;Langenthal;977;;6.2;
3291;Bad Ragaz;70;;1.1;
3292;Flums;61;;1.2;
3293;Mels;131;;1.5;
3294;Pfäfers;15;;1;
3295;Quarten;9;;0.3;
3296;Sargans;59;;0.9;
3297;Vilters-Wangs;22;;0.4;
3298;Walenstadt;42;;0.7;
33;Kleinandelfingen;33;;1.5;
331;Lotzwil;131;;4.8;
3311;Amden;10;;0.5;
3312;Benken (SG);27;;0.9;
3313;Kaltbrunn;122;;2.4;
3315;Schänis;82;;2.1;
3316;Weesen;36;;2;
332;Madiswil;80;;2.4;
333;Melchnau;69;;4.6;
3338;Schmerikon;62;;1.5;
3339;Uznach;114;;1.7;
3340;Rapperswil-Jona;473;;1.7;
3341;Gommiswald;44;;0.8;
3342;Eschenbach (SG);113;;1.1;
335;Oeschenbach;N/A - secret statistique;;N/A - secret statistique;
3352;Ebnat-Kappel;107;;2.1;
3359;Wildhaus-Alt St. Johann;11;;0.4;
336;Reisiswil;N/A - secret statistique;;N/A - secret statistique;
3360;Nesslau;50;;1.4;
337;Roggwil (BE);182;;4.3;
3374;Lichtensteig;23;;1.2;
3379;Wattwil;263;;3;
338;Rohrbach;78;;5;
339;Rohrbachgraben;7;;1.8;
3392;Kirchberg (SG);320;;3.4;
3393;Lütisburg;7;;0.4;
3394;Mosnang;20;;0.7;
3395;Bütschwil-Ganterschwil;114;;2.2;
3396;Neckertal;93;;1.5;
34;Laufen-Uhwiesen;16;;0.9;
340;Rütschelen;7;;1.2;
3401;Degersheim;85;;2.1;
3402;Flawil;367;;3.5;
3405;Jonschwil;27;;0.7;
3407;Oberuzwil;94;;1.4;
3408;Uzwil;253;;1.9;
341;Schwarzhäusern;21;;4;
342;Thunstetten;145;;4.2;
3422;Niederbüren;14;;0.9;
3423;Niederhelfenschwil;20;;0.6;
3424;Oberbüren;30;;0.7;
3426;Zuzwil (SG);33;;0.7;
3427;Wil (SG);902;;3.7;
344;Ursenbach;19;;2.1;
3441;Andwil (SG);16;;0.8;
3442;Gaiserwald;129;;1.5;
3443;Gossau (SG);234;;1.3;
3444;Waldkirch;44;;1.2;
345;Wynau;70;;4.3;
35;Marthalen;21;;1.1;
3506;Vaz/Obervaz;N/A - secret statistique;;N/A - secret statistique;
351;Bern;6554;;4.9;
3513;Lantsch/Lenz;N/A - secret statistique;;N/A - secret statistique;
3514;Schmitten (GR);N/A;;N/A;
352;Bolligen;155;;2.4;
353;Bremgarten bei Bern;73;;1.7;
354;Kirchlindach;56;;1.7;
3542;Albula/Alvra;N/A - secret statistique;;N/A - secret statistique;
3543;Surses;13;;0.5;
3544;Bergün Filisur;N/A - secret statistique;;N/A - secret statistique;
355;Köniz;1715;;4.1;
3551;Brusio;11;;1;
356;Muri bei Bern;440;;3.3;
3561;Poschiavo;16;;0.5;
357;Oberbalm;6;;0.7;
3572;Falera;N/A;;N/A;
3575;Laax;7;;0.4;
358;Stettlen;110;;3.3;
3581;Sagogn;N/A;;N/A;
3582;Schluein;9;;1.5;
359;Vechigen;75;;1.3;
360;Wohlen bei Bern;380;;4.1;
3603;Vals;6;;0.6;
361;Zollikofen;499;;4.6;
3618;Lumnezia;N/A - secret statistique;;N/A - secret statistique;
3619;Ilanz/Glion;46;;0.9;
362;Ittigen;888;;7.8;
363;Ostermundigen;1205;;6.8;
3633;Fürstenau;N/A;;N/A;
3637;Rothenbrunnen;N/A - secret statistique;;N/A - secret statistique;
3638;Scharans;N/A - secret statistique;;N/A - secret statistique;
3640;Sils im Domleschg;N/A - secret statistique;;N/A - secret statistique;
3661;Cazis;26;;1.1;
3662;Flerden;N/A;;N/A;
3663;Masein;N/A - secret statistique;;N/A - secret statistique;
3668;Thusis;142;;4.2;
3669;Tschappina;N/A;;N/A;
3670;Urmein;N/A;;N/A;
3672;Safiental;N/A;;N/A;
3673;Domleschg;15;;0.7;
3681;Avers;N/A - secret statistique;;N/A - secret statistique;
3695;Sufers;N/A - secret statistique;;N/A - secret statistique;
37;Ossingen;22;;1.3;
3701;Andeer;N/A - secret statistique;;N/A - secret statistique;
371;Biel/Bienne;5471;;9.9;
3711;Rongellen;N/A;;N/A;
3712;Zillis-Reischen;N/A - secret statistique;;N/A - secret statistique;
3713;Ferrera;N/A;;N/A;
3714;Rheinwald;N/A - secret statistique;;N/A - secret statistique;
3715;Muntogna da Schons;N/A - secret statistique;;N/A - secret statistique;
372;Evilard;35;;1.3;
3721;Bonaduz;30;;0.9;
3722;Domat/Ems;129;;1.6;
3723;Rhäzüns;20;;1.2;
3731;Felsberg;28;;1;
3732;Flims;9;;0.3;
3733;Tamins;13;;1.1;
3734;Trin;N/A - secret statistique;;N/A - secret statistique;
3746;Zernez;N/A - secret statistique;;N/A - secret statistique;
3752;Samnaun;N/A - secret statistique;;N/A - secret statistique;
3762;Scuol;17;;0.4;
3764;Valsot;N/A - secret statistique;;N/A - secret statistique;
3781;Bever;N/A;;N/A;
3782;Celerina/Schlarigna;N/A - secret statistique;;N/A - secret statistique;
3783;Madulain;N/A;;N/A;
3784;Pontresina;N/A - secret statistique;;N/A - secret statistique;
3785;La Punt Chamues-ch;N/A - secret statistique;;N/A - secret statistique;
3786;Samedan;N/A - secret statistique;;N/A - secret statistique;
3787;St. Moritz;18;;0.4;
3788;S-chanf;N/A;;N/A;
3789;Sils im Engadin/Segl;N/A - secret statistique;;N/A - secret statistique;
3790;Silvaplana;N/A;;N/A;
3791;Zuoz;N/A - secret statistique;;N/A - secret statistique;
3792;Bregaglia;6;;0.4;
38;Rheinau;27;;2.1;
3804;Buseno;N/A;;N/A;
3805;Castaneda;N/A - secret statistique;;N/A - secret statistique;
3808;Rossa;N/A - secret statistique;;N/A - secret statistique;
381;Arch;40;;2.3;
3810;Santa Maria in Calanca;N/A;;N/A;
382;Büetigen;18;;2;
3821;Lostallo;N/A - secret statistique;;N/A - secret statistique;
3822;Mesocco;8;;0.6;
3823;Soazza;N/A - secret statistique;;N/A - secret statistique;
383;Büren an der Aare;146;;3.9;
3831;Cama;N/A - secret statistique;;N/A - secret statistique;
3832;Grono;6;;0.4;
3834;Roveredo (GR);29;;1.1;
3835;San Vittore;8;;0.9;
3837;Calanca;N/A;;N/A;
3847;Val Müstair;9;;0.6;
385;Diessbach bei Büren;22;;2.2;
3851;Davos;136;;1.3;
386;Dotzigen;59;;3.8;
3861;Fideris;N/A;;N/A;
3862;Furna;N/A - secret statistique;;N/A - secret statistique;
3863;Jenaz;N/A - secret statistique;;N/A - secret statistique;
387;Lengnau (BE);339;;6.2;
3871;Klosters;13;;0.3;
388;Leuzigen;26;;2;
3881;Conters im Prättigau;N/A;;N/A;
3882;Küblis;10;;1.1;
389;Meienried;N/A;;N/A;
3891;Luzein;N/A;;N/A;
39;Thalheim an der Thur;9;;0.9;
390;Meinisberg;49;;3.7;
3901;Chur;1032;;2.7;
391;Oberwil bei Büren;27;;2.9;
3911;Churwalden;39;;2;
392;Pieterlen;275;;5.6;
3921;Arosa;16;;0.5;
393;Rüti bei Büren;23;;2.7;
3932;Tschiertschen-Praden;N/A - secret statistique;;N/A - secret statistique;
394;Wengi;N/A - secret statistique;;N/A - secret statistique;
3945;Trimmis;16;;0.5;
3946;Untervaz;21;;0.8;
3947;Zizers;57;;1.6;
3951;Fläsch;N/A - secret statistique;;N/A - secret statistique;
3952;Jenins;N/A - secret statistique;;N/A - secret statistique;
3953;Maienfeld;12;;0.4;
3954;Malans;9;;0.4;
3955;Landquart;231;;2.6;
3961;Grüsch;N/A - secret statistique;;N/A - secret statistique;
3962;Schiers;23;;0.8;
3972;Seewis im Prättigau;7;;0.5;
3981;Breil/Brigels;7;;0.4;
3982;Disentis/Mustér;13;;0.6;
3983;Medel (Lucmagn);N/A;;N/A;
3985;Sumvitg;N/A - secret statistique;;N/A - secret statistique;
3986;Tujetsch;N/A - secret statistique;;N/A - secret statistique;
3987;Trun;N/A - secret statistique;;N/A - secret statistique;
3988;Obersaxen Mundaun;N/A - secret statistique;;N/A - secret statistique;
4;Hausen am Albis;54;;1.4;
40;Trüllikon;6;;0.6;
4001;Aarau;580;;2.7;
4002;Biberstein;21;;1.3;
4003;Buchs (AG);302;;3.7;
4004;Densbüren;16;;2.1;
4005;Erlinsbach (AG);61;;1.4;
4006;Gränichen;165;;2;
4007;Hirschthal;8;;0.5;
4008;Küttigen;112;;1.7;
4009;Muhen;40;;1;
401;Aefligen;19;;1.7;
4010;Oberentfelden;362;;4.2;
4012;Suhr;499;;4.6;
4013;Unterentfelden;127;;2.9;
402;Alchenstorf;N/A - secret statistique;;N/A - secret statistique;
4021;Baden;382;;1.7;
4022;Bellikon;13;;0.8;
4023;Bergdietikon;19;;0.6;
4024;Birmenstorf (AG);28;;0.9;
4026;Ennetbaden;27;;0.8;
4027;Fislisbach;111;;1.9;
4028;Freienwil;N/A - secret statistique;;N/A - secret statistique;
4029;Gebenstorf;85;;1.5;
403;Bäriswil;23;;2.1;
4030;Killwangen;16;;0.8;
4031;Künten;17;;0.9;
4032;Mägenwil;42;;2;
4033;Mellingen;113;;1.9;
4034;Neuenhof;171;;1.9;
4035;Niederrohrdorf;17;;0.4;
4037;Oberrohrdorf;19;;0.5;
4038;Obersiggenthal;261;;3;
4039;Remetschwil;16;;0.8;
404;Burgdorf;1023;;6.1;
4040;Spreitenbach;270;;2.2;
4041;Stetten (AG);6;;0.3;
4044;Untersiggenthal;130;;1.8;
4045;Wettingen;427;;2;
4046;Wohlenschwil;N/A - secret statistique;;N/A - secret statistique;
4047;Würenlingen;84;;1.7;
4048;Würenlos;50;;0.8;
4049;Ehrendingen;52;;1.1;
405;Ersigen;16;;0.8;
406;Hasle bei Burgdorf;119;;3.5;
4061;Arni (AG);10;;0.5;
4062;Berikon;39;;0.8;
4063;Bremgarten (AG);114;;1.3;
4064;Büttikon;8;;0.7;
4065;Dottikon;115;;2.8;
4066;Eggenwil;10;;1;
4067;Fischbach-Göslikon;30;;1.8;
4068;Hägglingen;21;;0.9;
407;Heimiswil;43;;2.6;
4071;Jonen;11;;0.5;
4072;Niederwil (AG);31;;1.1;
4073;Oberlunkhofen;8;;0.4;
4074;Oberwil-Lieli;11;;0.4;
4075;Rudolfstetten-Friedlisberg;51;;1.1;
4076;Sarmenstorf;32;;1.1;
4077;Tägerig;31;;2.1;
4078;Uezwil;N/A - secret statistique;;N/A - secret statistique;
4079;Unterlunkhofen;N/A - secret statistique;;N/A - secret statistique;
408;Hellsau;N/A - secret statistique;;N/A - secret statistique;
4080;Villmergen;128;;1.7;
4081;Widen;40;;1;
4082;Wohlen (AG);549;;3.2;
4083;Zufikon;39;;0.8;
4084;Islisberg;N/A;;N/A;
409;Hindelbank;85;;3.1;
4091;Auenstein;N/A - secret statistique;;N/A - secret statistique;
4092;Birr;83;;1.8;
4093;Birrhard;N/A - secret statistique;;N/A - secret statistique;
4095;Brugg;380;;2.9;
4099;Habsburg;N/A;;N/A;
41;Truttikon;N/A - secret statistique;;N/A - secret statistique;
410;Höchstetten;N/A - secret statistique;;N/A - secret statistique;
4100;Hausen (AG);32;;0.9;
4104;Lupfig;37;;1.1;
4105;Mandach;N/A - secret statistique;;N/A - secret statistique;
4106;Mönthal;N/A - secret statistique;;N/A - secret statistique;
4107;Mülligen;11;;1;
411;Kernenried;N/A - secret statistique;;N/A - secret statistique;
4110;Remigen;6;;0.4;
4111;Riniken;19;;1.3;
4112;Rüfenach;8;;0.9;
4117;Thalheim (AG);N/A - secret statistique;;N/A - secret statistique;
412;Kirchberg (BE);197;;3.3;
4120;Veltheim (AG);28;;1.8;
4121;Villigen;9;;0.4;
4122;Villnachern;13;;0.8;
4123;Windisch;178;;2.2;
4124;Bözberg;15;;0.9;
4125;Schinznach;36;;1.5;
413;Koppigen;33;;1.5;
4131;Beinwil am See;44;;1.3;
4132;Birrwil;8;;0.6;
4134;Dürrenäsch;27;;2;
4135;Gontenschwil;60;;2.8;
4136;Holziken;27;;1.6;
4137;Leimbach (AG);N/A;;N/A;
4138;Leutwil;N/A - secret statistique;;N/A - secret statistique;
4139;Menziken;212;;2.7;
414;Krauchthal;36;;1.5;
4140;Oberkulm;39;;1.4;
4141;Reinach (AG);253;;2.8;
4142;Schlossrued;8;;1;
4143;Schmiedrued;6;;0.5;
4144;Schöftland;67;;1.5;
4145;Teufenthal (AG);42;;2.4;
4146;Unterkulm;119;;3.4;
4147;Zetzwil;20;;1.5;
415;Lyssach;49;;3.4;
4161;Eiken;38;;1.6;
4163;Frick;151;;2.6;
4164;Gansingen;6;;0.6;
4165;Gipf-Oberfrick;40;;1.1;
4169;Kaisten;14;;0.5;
4170;Laufenburg;84;;2.3;
4172;Münchwilen (AG);13;;1.3;
4173;Oberhof;15;;2.6;
4175;Oeschgen;6;;0.5;
4176;Schwaderloch;14;;2;
4177;Sisseln;18;;1.1;
418;Oberburg;259;;8.9;
4181;Wittnau;11;;0.8;
4182;Wölflinswil;13;;1.3;
4183;Zeihen;11;;0.9;
4184;Mettauertal;32;;1.5;
4185;Böztal;33;;1.2;
4186;Herznach-Ueken;22;;0.9;
4191;Ammerswil;N/A - secret statistique;;N/A - secret statistique;
4192;Boniswil;14;;0.9;
4193;Brunegg;N/A - secret statistique;;N/A - secret statistique;
4194;Dintikon;17;;0.7;
4195;Egliswil;13;;0.9;
4196;Fahrwangen;44;;1.8;
4197;Hallwil;18;;1.8;
4198;Hendschiken;15;;1.1;
4199;Holderbank (AG);18;;1.2;
420;Rüdtligen-Alchenflüh;127;;5.1;
4200;Hunzenschwil;31;;0.7;
4201;Lenzburg;428;;3.9;
4202;Meisterschwanden;24;;0.8;
4203;Möriken-Wildegg;105;;2.3;
4204;Niederlenz;79;;1.6;
4205;Othmarsingen;56;;1.8;
4206;Rupperswil;114;;2;
4207;Schafisheim;45;;1.5;
4208;Seengen;34;;0.8;
4209;Seon;111;;2.1;
421;Rumendingen;N/A;;N/A;
4210;Staufen;33;;0.8;
422;Rüti bei Lyssach;N/A - secret statistique;;N/A - secret statistique;
4221;Abtwil;N/A - secret statistique;;N/A - secret statistique;
4222;Aristau;N/A - secret statistique;;N/A - secret statistique;
4223;Auw;14;;0.6;
4224;Beinwil (Freiamt);N/A - secret statistique;;N/A - secret statistique;
4226;Besenbüren;N/A;;N/A;
4227;Bettwil;N/A - secret statistique;;N/A - secret statistique;
4228;Boswil;28;;0.9;
4229;Bünzen;6;;0.5;
423;Willadingen;N/A - secret statistique;;N/A - secret statistique;
4230;Buttwil;6;;0.5;
4231;Dietwil;13;;0.9;
4232;Geltwil;N/A - secret statistique;;N/A - secret statistique;
4233;Kallern;N/A;;N/A;
4234;Merenschwand;18;;0.5;
4235;Mühlau;23;;1.9;
4236;Muri (AG);153;;1.8;
4237;Oberrüti;N/A - secret statistique;;N/A - secret statistique;
4238;Rottenschwil;9;;1;
4239;Sins;19;;0.4;
424;Wynigen;20;;1;
4240;Waltenschwil;63;;2.1;
4251;Hellikon;N/A;;N/A;
4252;Kaiseraugst;91;;1.7;
4253;Magden;23;;0.6;
4254;Möhlin;264;;2.4;
4255;Mumpf;18;;1.2;
4256;Obermumpf;9;;0.9;
4257;Olsberg;N/A - secret statistique;;N/A - secret statistique;
4258;Rheinfelden;363;;2.7;
4259;Schupfart;N/A - secret statistique;;N/A - secret statistique;
4260;Stein (AG);65;;1.9;
4261;Wallbach;10;;0.5;
4262;Wegenstetten;12;;1.2;
4263;Zeiningen;26;;1.1;
4264;Zuzgen;13;;1.4;
4271;Aarburg;305;;3.6;
4273;Bottenwil;N/A - secret statistique;;N/A - secret statistique;
4274;Brittnau;57;;1.4;
4275;Kirchleerau;N/A - secret statistique;;N/A - secret statistique;
4276;Kölliken;79;;1.7;
4277;Moosleerau;14;;1.5;
4279;Murgenthal;47;;1.6;
4280;Oftringen;163;;1.1;
4281;Reitnau;16;;1;
4282;Rothrist;194;;2.1;
4283;Safenwil;140;;3.3;
4284;Staffelbach;22;;1.6;
4285;Strengelbach;119;;2.4;
4286;Uerkheim;21;;1.5;
4287;Vordemwald;28;;1.4;
4288;Wiliberg;N/A;;N/A;
4289;Zofingen;311;;2.5;
43;Volken;N/A - secret statistique;;N/A - secret statistique;
4303;Böttstein;44;;1.1;
4304;Döttingen;134;;3.1;
4305;Endingen;27;;1;
4306;Fisibach;N/A - secret statistique;;N/A - secret statistique;
4307;Full-Reuenthal;8;;0.9;
4309;Klingnau;72;;2;
431;Corgémont;35;;1.9;
4310;Koblenz;41;;2.4;
4311;Leibstadt;51;;3.5;
4312;Lengnau (AG);35;;1.2;
4313;Leuggern;21;;0.9;
4314;Mellikon;N/A - secret statistique;;N/A - secret statistique;
4318;Schneisingen;N/A - secret statistique;;N/A - secret statistique;
4319;Siglistorf;7;;1;
432;Cormoret;12;;2.4;
4320;Tegerfelden;15;;1.2;
4324;Zurzach;182;;2.3;
433;Cortébert;22;;3.2;
434;Courtelary;46;;3.3;
435;La Ferrière;7;;1.3;
437;Mont-Tramelan;N/A;;N/A;
438;Orvin;16;;1.3;
4401;Arbon;431;;2.8;
4406;Dozwil;N/A - secret statistique;;N/A - secret statistique;
441;Renan (BE);25;;2.6;
4411;Egnach;57;;1.2;
4416;Hefenhofen;24;;1.8;
442;Romont (BE);N/A - secret statistique;;N/A - secret statistique;
4421;Horn;16;;0.6;
4426;Kesswil;N/A;;N/A;
443;Saint-Imier;434;;8.5;
4431;Roggwil (TG);21;;0.6;
4436;Romanshorn;266;;2.3;
444;Sonceboz-Sombeval;44;;2.3;
4441;Salmsach;12;;0.8;
4446;Sommeri;7;;1.1;
445;Sonvilier;34;;2.8;
4451;Uttwil;22;;1.1;
446;Tramelan;227;;4.9;
4461;Amriswil;178;;1.2;
4471;Bischofszell;87;;1.5;
4476;Erlen;30;;0.8;
448;Villeret;36;;3.9;
4486;Hauptwil-Gottshaus;7;;0.3;
449;Sauge;21;;2.6;
4495;Hohentannen;N/A - secret statistique;;N/A - secret statistique;
450;Péry-La Heutte;83;;4.3;
4501;Kradolf-Schönenberg;42;;1.1;
4506;Sulgen;47;;1.2;
4511;Zihlschlacht-Sitterdorf;18;;0.7;
4536;Basadingen-Schlattingen;20;;1.1;
4545;Diessenhofen;69;;1.7;
4546;Schlatt (TG);7;;0.4;
4551;Aadorf;69;;0.7;
4561;Felben-Wellhausen;43;;1.4;
4566;Frauenfeld;561;;2.2;
4571;Gachnang;22;;0.5;
4590;Hüttlingen;N/A - secret statistique;;N/A - secret statistique;
4591;Matzingen;16;;0.5;
4601;Neunforn;7;;0.7;
4606;Stettfurt;N/A;;N/A;
4611;Thundorf;N/A - secret statistique;;N/A - secret statistique;
4616;Uesslingen-Buch;N/A;;N/A;
4621;Warth-Weiningen;N/A - secret statistique;;N/A - secret statistique;
4641;Altnau;N/A - secret statistique;;N/A - secret statistique;
4643;Bottighofen;N/A - secret statistique;;N/A - secret statistique;
4646;Ermatingen;15;;0.4;
4651;Gottlieben;N/A - secret statistique;;N/A - secret statistique;
4656;Güttingen;N/A - secret statistique;;N/A - secret statistique;
4666;Kemmental;16;;0.6;
4671;Kreuzlingen;347;;1.5;
4681;Langrickenbach;8;;0.6;
4683;Lengwil;7;;0.4;
4691;Münsterlingen;15;;0.4;
4696;Tägerwilen;11;;0.2;
4701;Wäldi;N/A - secret statistique;;N/A - secret statistique;
4711;Affeltrangen;35;;1.3;
4716;Bettwiesen;9;;0.7;
4721;Bichelsee-Balterswil;17;;0.6;
4723;Braunau;N/A - secret statistique;;N/A - secret statistique;
4724;Eschlikon;44;;0.9;
4726;Fischingen;19;;0.7;
4741;Lommis;N/A - secret statistique;;N/A - secret statistique;
4746;Münchwilen (TG);67;;1.1;
4751;Rickenbach (TG);56;;1.9;
4756;Schönholzerswilen;N/A - secret statistique;;N/A - secret statistique;
4761;Sirnach;114;;1.4;
4776;Tobel-Tägerschen;8;;0.5;
4781;Wängi;43;;0.9;
4786;Wilen (TG);24;;1;
4791;Wuppenau;N/A - secret statistique;;N/A - secret statistique;
4801;Berlingen;N/A - secret statistique;;N/A - secret statistique;
4806;Eschenz;9;;0.5;
4811;Herdern;N/A - secret statistique;;N/A - secret statistique;
4816;Homburg;6;;0.4;
4821;Hüttwilen;7;;0.4;
4826;Mammern;N/A - secret statistique;;N/A - secret statistique;
4831;Müllheim;41;;1.3;
4841;Pfyn;23;;1;
4846;Raperswilen;N/A;;N/A;
4851;Salenstein;6;;0.4;
4864;Steckborn;42;;1.1;
4871;Wagenhausen;18;;1;
4881;Amlikon-Bissegg;15;;1.1;
4891;Berg (TG);28;;0.8;
4901;Birwinken;N/A;;N/A;
491;Brüttelen;8;;1.3;
4911;Bürglen (TG);35;;0.9;
492;Erlach;26;;1.9;
4921;Bussnang;17;;0.7;
493;Finsterhennen;N/A - secret statistique;;N/A - secret statistique;
494;Gals;10;;1.2;
4941;Märstetten;25;;0.9;
4946;Weinfelden;138;;1.2;
495;Gampelen;15;;1.6;
4951;Wigoltingen;34;;1.3;
496;Ins;38;;1.1;
497;Lüscherz;N/A - secret statistique;;N/A - secret statistique;
498;Müntschemier;15;;0.9;
499;Siselen;N/A - secret statistique;;N/A - secret statistique;
5;Hedingen;45;;1.2;
500;Treiten;N/A;;N/A;
5001;Arbedo-Castione;114;;2.3;
5002;Bellinzona;1405;;3.2;
5003;Cadenazzo;98;;3.2;
5009;Isone;N/A - secret statistique;;N/A - secret statistique;
501;Tschugg;N/A - secret statistique;;N/A - secret statistique;
5010;Lumino;19;;1.2;
5017;Sant'Antonino;55;;2.2;
502;Vinelz;N/A - secret statistique;;N/A - secret statistique;
5048;Acquarossa;14;;0.8;
5049;Blenio;34;;1.9;
5050;Serravalle;26;;1.3;
5061;Airolo;12;;0.8;
5063;Bedretto;N/A;;N/A;
5064;Bodio;28;;3.1;
5071;Dalpe;N/A;;N/A;
5072;Faido;28;;1;
5073;Giornico;18;;2.3;
5076;Personico;N/A - secret statistique;;N/A - secret statistique;
5077;Pollegio;18;;2.1;
5078;Prato (Leventina);6;;1.6;
5079;Quinto;13;;1.3;
5091;Ascona;84;;1.5;
5096;Brione sopra Minusio;6;;1.3;
5097;Brissago;12;;0.7;
51;Bachenbülach;137;;3.2;
5108;Gordola;60;;1.3;
5112;Lavertezzo;59;;4.8;
5113;Locarno;573;;3.6;
5115;Losone;91;;1.4;
5117;Mergoscia;N/A - secret statistique;;N/A - secret statistique;
5118;Minusio;115;;1.6;
5120;Muralto;69;;2.6;
5121;Orselina;N/A - secret statistique;;N/A - secret statistique;
5125;Ronco sopra Ascona;N/A - secret statistique;;N/A - secret statistique;
5131;Tenero-Contra;89;;2.8;
5136;Onsernone;6;;0.9;
5138;Cugnasco-Gerra;20;;0.7;
5141;Agno;165;;3.8;
5143;Aranno;N/A - secret statistique;;N/A - secret statistique;
5144;Arogno;10;;1;
5146;Astano;10;;3.4;
5148;Bedano;19;;1.3;
5149;Bedigliora;12;;2;
5151;Bioggio;30;;1.1;
5154;Bissone;11;;1.1;
5160;Brusino Arsizio;N/A - secret statistique;;N/A - secret statistique;
5161;Cademario;N/A - secret statistique;;N/A - secret statistique;
5162;Cadempino;27;;1.8;
5167;Canobbio;32;;1.4;
5171;Caslano;82;;1.9;
5176;Comano;N/A - secret statistique;;N/A - secret statistique;
5180;Cureglia;13;;0.9;
5181;Curio;8;;1.3;
5186;Grancia;8;;1.7;
5187;Gravesano;11;;0.8;
5189;Lamone;40;;2.3;
5192;Lugano;1872;;3;
5193;Magliaso;15;;0.9;
5194;Manno;11;;0.9;
5196;Massagno;237;;3.7;
5198;Melide;18;;1;
5199;Mezzovico-Vira;6;;0.4;
52;Bassersdorf;238;;2;
5200;Miglieglia;N/A - secret statistique;;N/A - secret statistique;
5203;Morcote;6;;0.8;
5205;Muzzano;12;;1.5;
5206;Neggio;N/A - secret statistique;;N/A - secret statistique;
5207;Novaggio;7;;0.8;
5208;Origlio;9;;0.6;
5210;Paradiso;149;;3.3;
5212;Ponte Capriasca;16;;0.8;
5214;Porza;8;;0.5;
5216;Pura;15;;1.1;
5221;Savosa;34;;1.6;
5225;Sorengo;9;;0.5;
5226;Capriasca;97;;1.4;
5227;Torricella-Taverne;78;;2.5;
5230;Vernate;N/A - secret statistique;;N/A - secret statistique;
5231;Vezia;50;;2.6;
5233;Vico Morcote;N/A - secret statistique;;N/A - secret statistique;
5236;Collina d'Oro;22;;0.5;
5237;Alto Malcantone;23;;1.7;
5238;Monteceneri;71;;1.5;
5239;Tresa;70;;2.2;
5240;Val Mara;58;;1.9;
5242;Balerna;107;;3.3;
5249;Castel San Pietro;21;;0.9;
5250;Chiasso;500;;6.7;
5251;Coldrerio;49;;1.7;
5254;Mendrisio;347;;2.3;
5257;Morbio Inferiore;155;;3.5;
5260;Novazzano;53;;2.3;
5263;Riva San Vitale;52;;2;
5266;Stabio;108;;2.4;
5268;Vacallo;86;;2.6;
5269;Breggia;13;;0.7;
5281;Biasca;169;;2.8;
5287;Riviera;68;;1.6;
53;Bülach;379;;1.7;
5304;Bosco/Gurin;N/A;;N/A;
5307;Campo (Vallemaggia);N/A - secret statistique;;N/A - secret statistique;
5309;Cerentino;N/A;;N/A;
5310;Cevio;6;;0.5;
5315;Linescio;N/A - secret statistique;;N/A - secret statistique;
5317;Maggia;24;;0.9;
5323;Lavizzara;N/A - secret statistique;;N/A - secret statistique;
5324;Avegno Gordevio;16;;1.1;
533;Bätterkinden;82;;2.5;
535;Deisswil bei Münchenbuchsee;N/A - secret statistique;;N/A - secret statistique;
538;Fraubrunnen;76;;1.4;
5396;Terre di Pedemonte;19;;0.7;
5397;Centovalli;10;;0.9;
5398;Gambarogno;68;;1.3;
5399;Verzasca;N/A - secret statistique;;N/A - secret statistique;
54;Dietlikon;202;;2.6;
540;Jegenstorf;113;;2;
5401;Aigle;950;;8.8;
5402;Bex;756;;9.4;
5403;Chessel;27;;5.4;
5404;Corbeyrier;10;;2.3;
5405;Gryon;23;;1.7;
5406;Lavey-Morcles;67;;7;
5407;Leysin;120;;3.3;
5408;Noville;39;;3.3;
5409;Ollon;115;;1.5;
541;Iffwil;7;;1.6;
5410;Ormont-Dessous;35;;3;
5411;Ormont-Dessus;24;;1.7;
5412;Rennaz;72;;8.2;
5413;Roche (VD);148;;7.9;
5414;Villeneuve (VD);472;;8;
5415;Yvorne;29;;2.8;
5422;Aubonne;59;;1.6;
5423;Ballens;10;;1.8;
5424;Berolle;N/A - secret statistique;;N/A - secret statistique;
5425;Bière;76;;4.7;
5426;Bougy-Villars;11;;2.2;
5427;Féchy;6;;0.7;
5428;Gimel;45;;1.9;
5429;Longirod;N/A - secret statistique;;N/A - secret statistique;
543;Mattstetten;N/A - secret statistique;;N/A - secret statistique;
5430;Marchissy;6;;1.2;
5431;Mollens (VD);N/A - secret statistique;;N/A - secret statistique;
5434;Saint-George;7;;0.7;
5435;Saint-Livres;14;;2.1;
5436;Saint-Oyens;N/A - secret statistique;;N/A - secret statistique;
5437;Saubraz;N/A;;N/A;
544;Moosseedorf;239;;5.8;
5451;Avenches;284;;6.2;
5456;Cudrefin;21;;1.1;
5458;Faoug;14;;1.6;
546;Münchenbuchsee;378;;3.6;
5464;Vully-les-Lacs;90;;2.6;
5471;Bettens;15;;2.4;
5472;Bournens;N/A - secret statistique;;N/A - secret statistique;
5473;Boussens;11;;1.1;
5474;La Chaux (Cossonay);7;;1.8;
5475;Chavannes-le-Veyron;N/A - secret statistique;;N/A - secret statistique;
5476;Chevilly;N/A - secret statistique;;N/A - secret statistique;
5477;Cossonay;131;;3;
5479;Cuarnens;9;;1.7;
5480;Daillens;6;;0.6;
5481;Dizy;N/A;;N/A;
5482;Eclépens;18;;1.5;
5483;Ferreyres;N/A - secret statistique;;N/A - secret statistique;
5484;Gollion;N/A - secret statistique;;N/A - secret statistique;
5485;Grancy;6;;1.4;
5486;L'Isle;22;;2;
5487;Lussery-Villars;6;;1.3;
5488;Mauraz;N/A;;N/A;
5489;Mex (VD);N/A - secret statistique;;N/A - secret statistique;
5490;Moiry;N/A - secret statistique;;N/A - secret statistique;
5491;Mont-la-Ville;N/A - secret statistique;;N/A - secret statistique;
5492;Montricher;12;;1.2;
5493;Orny;8;;1.7;
5495;Penthalaz;108;;3.4;
5496;Penthaz;22;;1.2;
5497;Pompaples;27;;3.2;
5498;La Sarraz;76;;2.9;
5499;Senarclens;N/A - secret statistique;;N/A - secret statistique;
55;Eglisau;98;;1.8;
5501;Sullens;30;;2.6;
5503;Vufflens-la-Ville;11;;0.8;
551;Urtenen-Schönbühl;302;;4.7;
5511;Assens;14;;0.8;
5512;Bercher;30;;2.3;
5514;Bottens;17;;1.3;
5515;Bretigny-sur-Morrens;27;;3.1;
5516;Cugy (VD);65;;2.4;
5518;Echallens;133;;2.3;
552;Utzenstorf;100;;2.2;
5520;Essertines-sur-Yverdon;20;;1.9;
5521;Etagnières;34;;2.9;
5522;Fey;8;;1.1;
5523;Froideville;43;;1.6;
5527;Morrens (VD);17;;1.5;
5529;Oulens-sous-Echallens;10;;1.6;
553;Wiggiswil;N/A;;N/A;
5530;Pailly;N/A - secret statistique;;N/A - secret statistique;
5531;Penthéréaz;N/A - secret statistique;;N/A - secret statistique;
5533;Poliez-Pittet;8;;1;
5534;Rueyres;N/A - secret statistique;;N/A - secret statistique;
5535;Saint-Barthélemy (VD);12;;1.5;
5537;Villars-le-Terroir;18;;1.4;
5539;Vuarrens;9;;0.8;
554;Wiler bei Utzenstorf;32;;3.1;
5540;Montilliez;37;;2;
5541;Goumoëns;7;;0.6;
5551;Bonvillars;N/A - secret statistique;;N/A - secret statistique;
5552;Bullet;17;;2.6;
5553;Champagne;11;;1;
5554;Concise;25;;2.5;
5555;Corcelles-près-Concise;N/A - secret statistique;;N/A - secret statistique;
5556;Fiez;9;;2;
5557;Fontaines-sur-Grandson;N/A - secret statistique;;N/A - secret statistique;
5559;Giez;6;;1.4;
556;Zielebach;6;;1.8;
5560;Grandevent;N/A;;N/A;
5561;Grandson;132;;3.9;
5562;Mauborget;8;;5.9;
5563;Mutrux;N/A;;N/A;
5564;Novalles;N/A - secret statistique;;N/A - secret statistique;
5565;Onnens (VD);N/A - secret statistique;;N/A - secret statistique;
5566;Provence;19;;4.7;
5568;Sainte-Croix;409;;8.3;
557;Zuzwil (BE);N/A - secret statistique;;N/A - secret statistique;
5571;Tévenon;7;;0.8;
5581;Belmont-sur-Lausanne;53;;1.4;
5582;Cheseaux-sur-Lausanne;67;;1.5;
5583;Crissier;404;;4.5;
5584;Epalinges;208;;2.1;
5585;Jouxtens-Mézery;120;;8.2;
5586;Lausanne;9562;;6.8;
5587;Le Mont-sur-Lausanne;232;;2.5;
5588;Paudex;38;;2.5;
5589;Prilly;675;;5.5;
5590;Pully;395;;2.1;
5591;Renens (VD);1356;;6.5;
5592;Romanel-sur-Lausanne;110;;3.2;
56;Embrach;262;;2.7;
5601;Chexbres;71;;3.2;
5604;Forel (Lavaux);24;;1.1;
5606;Lutry;112;;1;
5607;Puidoux;84;;2.9;
5609;Rivaz;N/A - secret statistique;;N/A - secret statistique;
561;Adelboden;12;;0.4;
5610;Saint-Saphorin (Lavaux);7;;1.8;
5611;Savigny;82;;2.4;
5613;Bourg-en-Lavaux;54;;1;
562;Aeschi bei Spiez;18;;0.8;
5621;Aclens;N/A - secret statistique;;N/A - secret statistique;
5622;Bremblens;6;;1;
5623;Buchillon;N/A;;N/A;
5624;Bussigny;410;;4;
5627;Chavannes-près-Renens;435;;5;
5628;Chigny;N/A - secret statistique;;N/A - secret statistique;
5629;Clarmont;N/A - secret statistique;;N/A - secret statistique;
563;Frutigen;112;;1.6;
5631;Denens;17;;2.3;
5632;Denges;31;;1.8;
5633;Echandens;36;;1.3;
5634;Echichens;26;;0.8;
5635;Ecublens (VD);406;;3.1;
5636;Etoy;51;;1.7;
5637;Lavigny;10;;1;
5638;Lonay;14;;0.5;
5639;Lully (VD);N/A - secret statistique;;N/A - secret statistique;
564;Kandergrund;6;;0.7;
5640;Lussy-sur-Morges;N/A - secret statistique;;N/A - secret statistique;
5642;Morges;536;;3.2;
5643;Préverenges;89;;1.7;
5645;Romanel-sur-Morges;N/A - secret statistique;;N/A - secret statistique;
5646;Saint-Prex;122;;2.1;
5648;Saint-Sulpice (VD);28;;0.6;
5649;Tolochenaz;55;;2.9;
565;Kandersteg;21;;1.7;
5650;Vaux-sur-Morges;N/A;;N/A;
5651;Villars-Sainte-Croix;9;;0.9;
5652;Villars-sous-Yens;9;;1.4;
5653;Vufflens-le-Château;N/A - secret statistique;;N/A - secret statistique;
5654;Vullierens;N/A - secret statistique;;N/A - secret statistique;
5655;Yens;17;;1.1;
5656;Hautemorges;49;;1.2;
566;Krattigen;8;;0.7;
5661;Boulens;7;;1.9;
5663;Bussy-sur-Moudon;N/A - secret statistique;;N/A - secret statistique;
5665;Chavannes-sur-Moudon;N/A - secret statistique;;N/A - secret statistique;
5669;Curtilles;N/A - secret statistique;;N/A - secret statistique;
567;Reichenbach im Kandertal;32;;0.9;
5671;Dompierre (VD);N/A - secret statistique;;N/A - secret statistique;
5673;Hermenches;N/A - secret statistique;;N/A - secret statistique;
5674;Lovatens;N/A - secret statistique;;N/A - secret statistique;
5675;Lucens;398;;9.1;
5678;Moudon;516;;8.5;
5680;Ogens;8;;2.5;
5683;Prévonloup;N/A - secret statistique;;N/A - secret statistique;
5684;Rossenges;N/A;;N/A;
5688;Syens;N/A - secret statistique;;N/A - secret statistique;
5690;Villars-le-Comte;N/A;;N/A;
5692;Vucherens;6;;1;
5693;Montanaire;69;;2.5;
57;Freienstein-Teufen;13;;0.5;
5701;Arnex-sur-Nyon;N/A;;N/A;
5702;Arzier-Le Muids;27;;0.9;
5703;Bassins;11;;0.7;
5704;Begnins;19;;1;
5705;Bogis-Bossey;N/A - secret statistique;;N/A - secret statistique;
5706;Borex;11;;0.9;
5707;Chavannes-de-Bogis;7;;0.5;
5708;Chavannes-des-Bois;N/A;;N/A;
5709;Chéserex;11;;0.9;
571;Beatenberg;29;;2.4;
5710;Coinsins;N/A - secret statistique;;N/A - secret statistique;
5711;Commugny;28;;0.9;
5712;Coppet;26;;0.8;
5713;Crans (VD);8;;0.3;
5714;Crassier;N/A - secret statistique;;N/A - secret statistique;
5715;Duillier;N/A - secret statistique;;N/A - secret statistique;
5716;Eysins;13;;0.8;
5717;Founex;20;;0.5;
5718;Genolier;12;;0.6;
5719;Gingins;N/A - secret statistique;;N/A - secret statistique;
572;Bönigen;43;;1.7;
5720;Givrins;8;;0.8;
5721;Gland;262;;2;
5722;Grens;N/A - secret statistique;;N/A - secret statistique;
5723;Mies;9;;0.4;
5724;Nyon;529;;2.4;
5725;Prangins;53;;1.3;
5726;La Rippe;13;;1.1;
5727;Saint-Cergue;84;;3.1;
5728;Signy-Avenex;N/A - secret statistique;;N/A - secret statistique;
5729;Tannay;6;;0.4;
573;Brienz (BE);91;;2.9;
5730;Trélex;8;;0.6;
5731;Le Vaud;11;;0.8;
5732;Vich;13;;1.1;
574;Brienzwiler;9;;1.8;
5741;L'Abergement;N/A;;N/A;
5742;Agiez;N/A - secret statistique;;N/A - secret statistique;
5743;Arnex-sur-Orbe;26;;3.9;
5744;Ballaigues;29;;2.5;
5745;Baulmes;37;;3.3;
5746;Bavois;17;;1.7;
5747;Bofflens;N/A - secret statistique;;N/A - secret statistique;
5748;Bretonnières;N/A - secret statistique;;N/A - secret statistique;
5749;Chavornay;185;;3.5;
575;Därligen;10;;2.4;
5750;Les Clées;6;;3.3;
5752;Croy;6;;1.5;
5754;Juriens;8;;2.3;
5755;Lignerolle;9;;2.2;
5756;Montcherand;9;;1.8;
5757;Orbe;344;;4.6;
5758;La Praz;N/A - secret statistique;;N/A - secret statistique;
5759;Premier;6;;2.6;
576;Grindelwald;24;;0.6;
5760;Rances;8;;1.6;
5761;Romainmôtier-Envy;33;;6;
5762;Sergey;N/A - secret statistique;;N/A - secret statistique;
5763;Valeyres-sous-Rances;6;;1;
5764;Vallorbe;272;;7;
5765;Vaulion;11;;2.2;
5766;Vuiteboeuf;11;;1.9;
577;Gsteigwiler;6;;1.4;
578;Gündlischwand;13;;3.7;
5785;Corcelles-le-Jorat;8;;1.6;
579;Habkern;11;;1.8;
5790;Maracon;N/A - secret statistique;;N/A - secret statistique;
5792;Montpreveyres;7;;1.1;
5798;Ropraz;16;;3;
5799;Servion;69;;3.3;
58;Glattfelden;114;;2.1;
580;Hofstetten bei Brienz;10;;1.9;
5803;Vulliens;26;;4.1;
5804;Jorat-Menthue;17;;1.1;
5805;Oron;299;;4.9;
5806;Jorat-Mézières;68;;2.2;
581;Interlaken;296;;5.1;
5812;Champtauroz;N/A - secret statistique;;N/A - secret statistique;
5813;Chevroux;N/A - secret statistique;;N/A - secret statistique;
5816;Corcelles-près-Payerne;143;;5.3;
5817;Grandcour;30;;3;
5819;Henniez;32;;8;
582;Iseltwald;6;;1.4;
5821;Missy;13;;3.6;
5822;Payerne;921;;9;
5827;Trey;N/A - secret statistique;;N/A - secret statistique;
5828;Treytorrens (Payerne);N/A - secret statistique;;N/A - secret statistique;
5830;Villarzel;16;;3.2;
5831;Valbroye;127;;3.8;
584;Lauterbrunnen;16;;0.7;
5841;Château-d'Oex;39;;1.1;
5842;Rossinière;6;;1.1;
5843;Rougemont;11;;1.3;
585;Leissigen;18;;1.6;
5851;Allaman;14;;3.2;
5852;Bursinel;N/A - secret statistique;;N/A - secret statistique;
5853;Bursins;9;;1.2;
5854;Burtigny;N/A;;N/A;
5855;Dully;N/A - secret statistique;;N/A - secret statistique;
5856;Essertines-sur-Rolle;N/A - secret statistique;;N/A - secret statistique;
5857;Gilly;8;;0.6;
5858;Luins;6;;1;
5859;Mont-sur-Rolle;25;;0.9;
586;Lütschental;N/A - secret statistique;;N/A - secret statistique;
5860;Perroy;21;;1.4;
5861;Rolle;118;;1.9;
5862;Tartegnin;N/A - secret statistique;;N/A - secret statistique;
5863;Vinzel;N/A;;N/A;
587;Matten bei Interlaken;93;;2.3;
5871;L'Abbaye;37;;2.4;
5872;Le Chenit;138;;3;
5873;Le Lieu;23;;2.6;
588;Niederried bei Interlaken;13;;3.5;
5882;Chardonne;63;;2.1;
5883;Corseaux;63;;2.7;
5884;Corsier-sur-Vevey;161;;4.7;
5885;Jongny;23;;1.3;
5886;Montreux;2047;;7.9;
5889;La Tour-de-Peilz;661;;5.4;
589;Oberried am Brienzersee;11;;2.3;
5890;Vevey;1577;;8;
5891;Veytaux;80;;8.4;
5892;Blonay - Saint-Légier;151;;1.3;
59;Hochfelden;14;;0.7;
590;Ringgenberg (BE);68;;2.6;
5902;Belmont-sur-Yverdon;8;;1.9;
5903;Bioley-Magnoux;N/A - secret statistique;;N/A - secret statistique;
5904;Chamblon;17;;3;
5905;Champvent;11;;1.5;
5907;Chavannes-le-Chêne;N/A - secret statistique;;N/A - secret statistique;
5908;Chêne-Pâquier;6;;4;
5909;Cheseaux-Noréaz;N/A;;N/A;
591;Saxeten;N/A - secret statistique;;N/A - secret statistique;
5910;Cronay;8;;2;
5911;Cuarny;N/A - secret statistique;;N/A - secret statistique;
5912;Démoret;N/A;;N/A;
5913;Donneloye;26;;2.9;
5914;Ependes (VD);12;;3.1;
5919;Mathod;17;;2.6;
592;Schwanden bei Brienz;7;;1.1;
5921;Molondin;N/A - secret statistique;;N/A - secret statistique;
5922;Montagny-près-Yverdon;15;;1.9;
5923;Oppens;N/A;;N/A;
5924;Orges;14;;3.8;
5925;Orzens;6;;3;
5926;Pomy;N/A - secret statistique;;N/A - secret statistique;
5928;Rovray;6;;2.9;
5929;Suchy;N/A - secret statistique;;N/A - secret statistique;
593;Unterseen;126;;2.2;
5930;Suscévaz;8;;3.7;
5931;Treycovagnes;6;;1.2;
5932;Ursins;N/A - secret statistique;;N/A - secret statistique;
5933;Valeyres-sous-Montagny;15;;2.2;
5934;Valeyres-sous-Ursins;N/A - secret statistique;;N/A - secret statistique;
5935;Villars-Epeney;N/A - secret statistique;;N/A - secret statistique;
5937;Vugelles-La Mothe;N/A;;N/A;
5938;Yverdon-les-Bains;2237;;7.5;
5939;Yvonand;146;;4.2;
594;Wilderswil;60;;2.2;
6;Kappel am Albis;9;;0.7;
60;Höri;56;;1.8;
6002;Brig-Glis;231;;1.7;
6004;Eggerberg;N/A - secret statistique;;N/A - secret statistique;
6007;Naters;163;;1.6;
6008;Ried-Brig;23;;1.1;
6009;Simplon;N/A;;N/A;
6010;Termen;N/A - secret statistique;;N/A - secret statistique;
6011;Zwischbergen;N/A;;N/A;
602;Arni (BE);7;;0.7;
6021;Ardon;52;;1.5;
6022;Chamoson;63;;1.6;
6023;Conthey;237;;2.6;
6024;Nendaz;55;;0.8;
6025;Vétroz;86;;1.3;
603;Biglen;63;;3.4;
6032;Bourg-Saint-Pierre;N/A - secret statistique;;N/A - secret statistique;
6033;Liddes;N/A - secret statistique;;N/A - secret statistique;
6034;Orsières;17;;0.5;
6035;Sembrancher;8;;0.8;
6037;Val de Bagnes;42;;0.4;
605;Bowil;19;;1.4;
6052;Bellwald;N/A - secret statistique;;N/A - secret statistique;
6054;Binn;N/A;;N/A;
6056;Ernen;N/A;;N/A;
6057;Fiesch;6;;0.6;
6058;Fieschertal;N/A - secret statistique;;N/A - secret statistique;
606;Brenzikofen;6;;1.3;
6061;Lax;N/A;;N/A;
607;Freimettigen;6;;1.3;
6076;Obergoms;N/A - secret statistique;;N/A - secret statistique;
6077;Goms;N/A - secret statistique;;N/A - secret statistique;
608;Grosshöchstetten;107;;2.6;
6082;Ayent;24;;0.6;
6083;Evolène;11;;0.7;
6084;Hérémence;7;;0.5;
6087;Saint-Martin (VS);N/A - secret statistique;;N/A - secret statistique;
6089;Vex;13;;0.7;
609;Häutligen;N/A - secret statistique;;N/A - secret statistique;
6090;Mont-Noble;N/A - secret statistique;;N/A - secret statistique;
61;Hüntwangen;7;;0.6;
610;Herbligen;15;;2.5;
6101;Agarn;7;;1;
6102;Albinen;N/A;;N/A;
6104;Ergisch;N/A;;N/A;
6109;Inden;N/A;;N/A;
611;Kiesen;16;;1.6;
6110;Leuk;69;;1.7;
6111;Leukerbad;24;;1.8;
6112;Oberems;N/A;;N/A;
6113;Salgesch;N/A - secret statistique;;N/A - secret statistique;
6116;Varen;N/A;;N/A;
6117;Guttet-Feschel;N/A - secret statistique;;N/A - secret statistique;
6118;Gampel-Bratsch;17;;0.8;
6119;Turtmann-Unterems;9;;0.8;
612;Konolfingen;153;;2.8;
613;Landiswil;N/A - secret statistique;;N/A - secret statistique;
6131;Bovernier;13;;1.4;
6133;Fully;131;;1.5;
6134;Isérables;N/A - secret statistique;;N/A - secret statistique;
6135;Leytron;24;;0.7;
6136;Martigny;719;;3.5;
6137;Martigny-Combe;30;;1.3;
6139;Riddes;43;;1.3;
614;Linden;18;;1.4;
6140;Saillon;26;;0.9;
6141;Saxon;124;;1.9;
6142;Trient;N/A - secret statistique;;N/A - secret statistique;
615;Mirchel;N/A - secret statistique;;N/A - secret statistique;
6151;Champéry;N/A - secret statistique;;N/A - secret statistique;
6152;Collombey-Muraz;146;;1.5;
6153;Monthey;748;;4.1;
6154;Port-Valais;54;;1.2;
6155;Saint-Gingolph;18;;1.8;
6156;Troistorrents;41;;0.9;
6157;Val-d'Illiez;20;;0.9;
6158;Vionnaz;28;;1;
6159;Vouvry;58;;1.3;
616;Münsingen;378;;2.9;
617;Niederhünigen;10;;1.5;
6172;Bister;N/A - secret statistique;;N/A - secret statistique;
6173;Bitsch;10;;0.9;
6177;Grengiols;N/A - secret statistique;;N/A - secret statistique;
6181;Riederalp;N/A - secret statistique;;N/A - secret statistique;
619;Oberdiessbach;89;;2.5;
6191;Ausserberg;N/A - secret statistique;;N/A - secret statistique;
6192;Blatten;N/A - secret statistique;;N/A - secret statistique;
6193;Bürchen;N/A - secret statistique;;N/A - secret statistique;
6194;Eischoll;N/A;;N/A;
6195;Ferden;N/A;;N/A;
6197;Kippel;N/A;;N/A;
6198;Niedergesteln;N/A - secret statistique;;N/A - secret statistique;
6199;Raron;20;;1;
62;Kloten;871;;4.2;
620;Oberthal;10;;1.4;
6201;Unterbäch;6;;1.3;
6202;Wiler (Lötschen);N/A;;N/A;
6203;Mörel-Filet;13;;1.8;
6204;Steg-Hohtenn;19;;1.1;
6205;Bettmeralp;N/A;;N/A;
6211;Collonges;20;;2.3;
6212;Dorénaz;13;;1.2;
6213;Evionnaz;33;;2.3;
6214;Finhaut;N/A - secret statistique;;N/A - secret statistique;
6215;Massongex;29;;1.5;
6217;Saint-Maurice;122;;2.7;
6218;Salvan;21;;1.5;
6219;Vernayaz;46;;2.5;
622;Oppligen;7;;1.1;
6220;Vérossaz;8;;1;
623;Rubigen;34;;1.2;
6232;Chalais;34;;0.9;
6235;Chippis;21;;1.3;
6238;Grône;40;;1.6;
6239;Icogne;7;;1.1;
6240;Lens;12;;0.3;
6246;Saint-Léonard;23;;0.9;
6248;Sierre;618;;3.6;
6252;Anniviers;7;;0.3;
6253;Crans-Montana;43;;0.4;
6254;Noble-Contrée;38;;0.8;
626;Walkringen;51;;2.9;
6261;Arbaz;8;;0.6;
6263;Grimisuat;32;;0.9;
6265;Savièse;52;;0.6;
6266;Sion;1672;;4.7;
6267;Veysonnaz;N/A - secret statistique;;N/A - secret statistique;
627;Worb;574;;5;
628;Zäziwil;49;;3;
6281;Baltschieder;7;;0.5;
6282;Eisten;N/A;;N/A;
6283;Embd;N/A;;N/A;
6285;Grächen;N/A - secret statistique;;N/A - secret statistique;
6286;Lalden;9;;1.3;
6287;Randa;N/A - secret statistique;;N/A - secret statistique;
6288;Saas-Almagell;N/A - secret statistique;;N/A - secret statistique;
6289;Saas-Balen;N/A;;N/A;
629;Oberhünigen;N/A - secret statistique;;N/A - secret statistique;
6290;Saas-Fee;7;;0.4;
6291;Saas-Grund;N/A - secret statistique;;N/A - secret statistique;
6292;St. Niklaus;16;;0.7;
6293;Stalden (VS);N/A - secret statistique;;N/A - secret statistique;
6294;Staldenried;N/A - secret statistique;;N/A - secret statistique;
6295;Täsch;10;;0.8;
6296;Törbel;N/A;;N/A;
6297;Visp;177;;2.2;
6298;Visperterminen;N/A - secret statistique;;N/A - secret statistique;
6299;Zeneggen;N/A;;N/A;
63;Lufingen;13;;0.5;
630;Allmendingen;N/A;;N/A;
6300;Zermatt;12;;0.2;
632;Wichtrach;100;;2.3;
64;Nürensdorf;90;;1.6;
6404;Boudry;416;;6.7;
6408;Cortaillod;178;;3.8;
6413;Rochefort;32;;2.4;
6416;Milvignes;353;;3.8;
6417;La Grande Béroche;193;;2.2;
6421;La Chaux-de-Fonds;3600;;9.8;
6422;Les Planchettes;12;;5.6;
6423;La Sagne;11;;1;
6432;La Brévine;14;;2.3;
6433;Brot-Plamboz;N/A;;N/A;
6434;Le Cerneux-Péquignot;N/A;;N/A;
6435;La Chaux-du-Milieu;N/A - secret statistique;;N/A - secret statistique;
6436;Le Locle;758;;7.1;
6437;Les Ponts-de-Martel;40;;3.2;
6451;Cornaux;50;;3.1;
6452;Cressier (NE);56;;3;
6453;Enges;N/A - secret statistique;;N/A - secret statistique;
6454;Hauterive (NE);133;;5.1;
6455;Le Landeron;151;;3.2;
6456;Lignières;29;;3;
6458;Neuchâtel;3533;;7.9;
6459;Saint-Blaise;99;;3;
6461;La Tène;211;;4;
6487;Val-de-Ruz;498;;2.9;
65;Oberembrach;7;;0.6;
6504;La Côte-aux-Fées;19;;4;
6511;Les Verrières;43;;6.7;
6512;Val-de-Travers;655;;6.2;
66;Opfikon;876;;4.2;
6601;Aire-la-Ville;33;;2.9;
6602;Anières;105;;4.3;
6603;Avully;106;;6.2;
6604;Avusy;15;;1.1;
6605;Bardonnex;113;;4.5;
6606;Bellevue;198;;5.6;
6607;Bernex;313;;3.1;
6608;Carouge (GE);1857;;8.3;
6609;Cartigny;N/A - secret statistique;;N/A - secret statistique;
6610;Céligny;16;;1.9;
6611;Chancy;92;;5.5;
6612;Chêne-Bougeries;495;;3.8;
6613;Chêne-Bourg;762;;8.6;
6614;Choulex;13;;1.1;
6615;Collex-Bossy;26;;1.5;
6616;Collonge-Bellerive;125;;1.5;
6617;Cologny;118;;2;
6618;Confignon;122;;2.7;
6619;Corsier (GE);18;;0.8;
662;Ferenbalm;12;;1;
6620;Dardagny;58;;3.1;
6621;Genève;13306;;6.5;
6622;Genthod;22;;0.8;
6623;Le Grand-Saconnex;748;;6;
6624;Gy;N/A - secret statistique;;N/A - secret statistique;
6625;Hermance;13;;1.1;
6626;Jussy;7;;0.6;
6627;Laconnex;7;;1;
6628;Lancy;2274;;6.6;
6629;Meinier;40;;1.9;
663;Frauenkappelen;29;;2.1;
6630;Meyrin;2202;;8.3;
6631;Onex;1398;;7.4;
6632;Perly-Certoux;141;;4.5;
6633;Plan-les-Ouates;680;;5.8;
6634;Pregny-Chambésy;39;;1;
6635;Presinge;24;;3.4;
6636;Puplinge;115;;4.6;
6637;Russin;7;;1.3;
6638;Satigny;112;;2.6;
6639;Soral;16;;1.6;
6640;Thônex;1195;;8.1;
6641;Troinex;91;;3.5;
6642;Vandoeuvres;18;;0.6;
6643;Vernier;3767;;10.6;
6644;Versoix;793;;6;
6645;Veyrier;292;;2.5;
665;Gurbrü;N/A - secret statistique;;N/A - secret statistique;
666;Kriechenwil;N/A - secret statistique;;N/A - secret statistique;
667;Laupen;144;;4.4;
668;Mühleberg;42;;1.4;
669;Münchenwiler;N/A - secret statistique;;N/A - secret statistique;
67;Rafz;62;;1.3;
670;Neuenegg;154;;2.7;
6702;Boécourt;9;;1;
6703;Bourrignon;N/A - secret statistique;;N/A - secret statistique;
6704;Châtillon (JU);N/A - secret statistique;;N/A - secret statistique;
6706;Courchapoix;8;;1.8;
6708;Courrendlin;203;;5.4;
6709;Courroux;128;;3.8;
671;Wileroltigen;N/A - secret statistique;;N/A - secret statistique;
6710;Courtételle;96;;3.6;
6711;Delémont;1077;;8.6;
6712;Develier;25;;1.8;
6713;Ederswiler;6;;5.1;
6715;Mervelier;22;;4.1;
6716;Mettembert;N/A - secret statistique;;N/A - secret statistique;
6718;Movelier;N/A - secret statistique;;N/A - secret statistique;
6719;Pleigne;N/A - secret statistique;;N/A - secret statistique;
6721;Rossemaison;N/A - secret statistique;;N/A - secret statistique;
6722;Saulcy;N/A - secret statistique;;N/A - secret statistique;
6724;Soyhières;18;;4.1;
6729;Haute-Sorne;157;;2.2;
6730;Val Terbi;71;;2.2;
6741;Le Bémont (JU);N/A - secret statistique;;N/A - secret statistique;
6742;Les Bois;23;;1.8;
6743;Les Breuleux;21;;1.3;
6745;Les Enfers;N/A - secret statistique;;N/A - secret statistique;
6748;Les Genevez (JU);7;;1.4;
6750;Lajoux (JU);8;;1.1;
6751;Montfaucon;12;;2.1;
6753;Muriaux;N/A;;N/A;
6754;Le Noirmont;29;;1.5;
6757;Saignelégier;67;;2.6;
6758;Saint-Brais;N/A - secret statistique;;N/A - secret statistique;
6759;Soubey;N/A - secret statistique;;N/A - secret statistique;
6771;Alle;33;;1.7;
6774;Boncourt;33;;2.8;
6778;Bure;N/A - secret statistique;;N/A - secret statistique;
6781;Coeuve;N/A - secret statistique;;N/A - secret statistique;
6782;Cornol;23;;2.3;
6783;Courchavon;6;;2;
6784;Courgenay;60;;2.5;
6785;Courtedoux;20;;2.7;
6789;Fahy;6;;1.8;
6790;Fontenais;20;;1.2;
6792;Grandfontaine;7;;1.8;
68;Rorbas;93;;3.2;
6800;Porrentruy;501;;7.7;
6806;Vendlincourt;10;;1.8;
6807;Basse-Allaine;39;;3.2;
6808;Clos du Doubs;23;;1.8;
6809;Haute-Ajoie;18;;1.7;
681;Belprahon;10;;3.7;
6810;La Baroche;25;;2.2;
6811;Damphreux-Lugnez;11;;3;
6812;Basse-Vendline;20;;2.6;
683;Champoz;N/A;;N/A;
687;Corcelles (BE);N/A - secret statistique;;N/A - secret statistique;
69;Wallisellen;375;;2.2;
690;Court;32;;2.3;
691;Crémines;20;;3.9;
692;Eschert;22;;5.9;
694;Grandval;20;;5;
696;Loveresse;N/A - secret statistique;;N/A - secret statistique;
7;Knonau;22;;0.9;
70;Wasterkingen;N/A;;N/A;
700;Moutier;565;;7.8;
701;Perrefitte;26;;5.5;
703;Reconvilier;149;;6.3;
704;Roches (BE);10;;5.3;
706;Saicourt;21;;3.4;
707;Saules (BE);N/A - secret statistique;;N/A - secret statistique;
708;Schelten;N/A - secret statistique;;N/A - secret statistique;
709;Seehof;N/A;;N/A;
71;Wil (ZH);N/A - secret statistique;;N/A - secret statistique;
711;Sorvilier;N/A - secret statistique;;N/A - secret statistique;
713;Tavannes;334;;9.7;
715;Rebévelier;N/A - secret statistique;;N/A - secret statistique;
716;Petit-Val;7;;1.7;
717;Valbirse;190;;4.8;
72;Winkel;52;;1.1;
723;La Neuveville;127;;3.3;
724;Nods;6;;0.7;
726;Plateau de Diesse;47;;2.2;
731;Aegerten;75;;3.3;
732;Bellmund;11;;0.6;
733;Brügg;405;;9.3;
734;Bühl;N/A - secret statistique;;N/A - secret statistique;
735;Epsach;N/A - secret statistique;;N/A - secret statistique;
736;Hagneck;N/A - secret statistique;;N/A - secret statistique;
737;Hermrigen;N/A - secret statistique;;N/A - secret statistique;
738;Jens;N/A - secret statistique;;N/A - secret statistique;
739;Ipsach;100;;2.6;
740;Ligerz;N/A;;N/A;
741;Merzligen;N/A - secret statistique;;N/A - secret statistique;
742;Mörigen;N/A;;N/A;
743;Nidau;656;;9.2;
744;Orpund;191;;6;
745;Port;78;;2;
746;Safnern;56;;2.8;
747;Scheuren;N/A - secret statistique;;N/A - secret statistique;
748;Schwadernau;22;;3.2;
749;Studen (BE);195;;5.7;
750;Sutz-Lattrigen;45;;3.2;
751;Täuffelen;33;;1.1;
754;Walperswil;N/A - secret statistique;;N/A - secret statistique;
755;Worben;48;;1.9;
756;Twann-Tüscherz;14;;1.2;
761;Därstetten;13;;1.5;
762;Diemtigen;20;;0.9;
763;Erlenbach im Simmental;43;;2.5;
766;Oberwil im Simmental;9;;1.1;
767;Reutigen;22;;1.6;
768;Spiez;328;;2.5;
769;Wimmis;80;;3.1;
770;Stocken-Höfen;9;;0.9;
782;Guttannen;N/A;;N/A;
783;Hasliberg;9;;0.8;
784;Innertkirchen;26;;2.4;
785;Meiringen;108;;2.3;
786;Schattenhalb;N/A - secret statistique;;N/A - secret statistique;
791;Boltigen;23;;1.9;
792;Lenk;17;;0.8;
793;St. Stephan;10;;0.8;
794;Zweisimmen;21;;0.7;
8;Maschwanden;9;;1.4;
81;Bachs;N/A - secret statistique;;N/A - secret statistique;
82;Boppelsen;6;;0.4;
83;Buchs (ZH);127;;1.9;
84;Dällikon;89;;2.1;
841;Gsteig;9;;0.9;
842;Lauenen;N/A - secret statistique;;N/A - secret statistique;
843;Saanen;52;;0.8;
85;Dänikon;26;;1.4;
852;Guggisberg;32;;2.2;
853;Rüschegg;39;;2.3;
855;Schwarzenburg;169;;2.5;
86;Dielsdorf;87;;1.4;
861;Belp;533;;4.6;
863;Burgistein;18;;1.6;
866;Gerzensee;9;;0.7;
867;Gurzelen;9;;1;
868;Jaberg;N/A - secret statistique;;N/A - secret statistique;
869;Kaufdorf;19;;1.8;
87;Hüttikon;N/A - secret statistique;;N/A - secret statistique;
870;Kehrsatz;403;;9;
872;Kirchdorf (BE);25;;1.4;
877;Niedermuhlern;10;;1.9;
879;Riggisberg;69;;2.2;
88;Neerach;26;;0.8;
880;Rüeggisberg;21;;1.2;
883;Seftigen;98;;4.6;
884;Toffen;72;;2.7;
885;Uttigen;49;;2.2;
886;Wattenwil;92;;3;
888;Wald (BE);N/A - secret statistique;;N/A - secret statistique;
889;Thurnen;33;;1.6;
89;Niederglatt;58;;1.2;
9;Mettmenstetten;88;;1.6;
90;Niederhasli;223;;2.4;
901;Eggiwil;19;;0.8;
902;Langnau im Emmental;324;;3.5;
903;Lauperswil;54;;2;
904;Röthenbach im Emmental;16;;1.4;
905;Rüderswil;50;;2.1;
906;Schangnau;8;;0.9;
907;Signau;71;;2.7;
908;Trub;21;;1.6;
909;Trubschachen;57;;3.8;
91;Niederweningen;32;;1;
92;Oberglatt;197;;2.6;
921;Amsoldingen;7;;0.9;
922;Blumenstein;42;;3.3;
923;Buchholterberg;15;;1;
924;Eriz;11;;2.3;
925;Fahrni;N/A - secret statistique;;N/A - secret statistique;
927;Heiligenschwendi;6;;0.8;
928;Heimberg;224;;3.2;
929;Hilterfingen;60;;1.5;
93;Oberweningen;27;;1.4;
931;Homberg;7;;1.4;
932;Horrenbach-Buchen;N/A - secret statistique;;N/A - secret statistique;
934;Oberhofen am Thunersee;31;;1.3;
935;Oberlangenegg;6;;1.3;
936;Pohlern;N/A - secret statistique;;N/A - secret statistique;
938;Sigriswil;56;;1.2;
939;Steffisburg;382;;2.4;
94;Otelfingen;23;;0.8;
940;Teuffenthal (BE);N/A;;N/A;
941;Thierachern;44;;1.7;
942;Thun;1505;;3.4;
943;Uebeschi;10;;1.4;
944;Uetendorf;166;;2.8;
945;Unterlangenegg;7;;0.6;
946;Wachseldorn;N/A;;N/A;
948;Forst-Längenbühl;N/A - secret statistique;;N/A - secret statistique;
95;Regensberg;N/A - secret statistique;;N/A - secret statistique;
951;Affoltern im Emmental;12;;1;
952;Dürrenroth;17;;1.6;
953;Eriswil;34;;2.5;
954;Huttwil;225;;4.5;
955;Lützelflüh;128;;3;
956;Rüegsau;47;;1.4;
957;Sumiswald;137;;2.7;
958;Trachselwald;11;;1.2;
959;Walterswil (BE);N/A;;N/A;
96;Regensdorf;615;;3.3;
960;Wyssachen;17;;1.5;
97;Rümlang;152;;1.8;
971;Attiswil;33;;2.2;
972;Berken;N/A;;N/A;
973;Bettenhausen;11;;1.7;
975;Farnern;N/A;;N/A;
976;Graben;N/A - secret statistique;;N/A - secret statistique;
977;Heimenhausen;14;;1.2;
979;Herzogenbuchsee;361;;4.9;
98;Schleinikon;N/A - secret statistique;;N/A - secret statistique;
980;Inkwil;10;;1.5;
981;Niederbipp;178;;3.5;
982;Niederönz;47;;2.7;
983;Oberbipp;60;;3.3;
985;Ochlenberg;N/A - secret statistique;;N/A - secret statistique;
987;Rumisberg;N/A - secret statistique;;N/A - secret statistique;
988;Seeberg;11;;0.7;
989;Thörigen;31;;2.6;
99;Schöfflisdorf;10;;0.7;
990;Walliswil bei Niederbipp;N/A;;N/A;
991;Walliswil bei Wangen;10;;1.6;
992;Wangen an der Aare;64;;2.3;
995;Wiedlisbach;80;;3.2;